{"components/category/sidebar":"<nav>\r\n    {{#if theme_settings.show_subcategories}}\r\n        {{#if category.subcategories}}\r\n        <div class=\"sidebarBlock\">\r\n            <ul class=\"navList\">\r\n                {{#each category.subcategories}}\r\n                <li class=\"navList-item\">\r\n                    <a class=\"navList-action\" href=\"{{url}}\" alt=\"{{name}}\" title=\"{{name}}\">{{name}}</a>\r\n                </li>\r\n                {{/each}}\r\n            </ul>\r\n        </div>\r\n        {{/if}}\r\n    {{/if}}\r\n\r\n\r\n    {{#if category.faceted_search_enabled}}\r\n        {{> components/faceted-search/index category}}\r\n    {{else}}\r\n        {{> components/category/shop-by-price shop_by_price=category.shop_by_price category_url=category.url}}\r\n    {{/if}}\r\n\r\n    {{#if brand.faceted_search_enabled}}\r\n        {{> components/faceted-search/index brand}}\r\n    {{else}}\r\n    {{/if}}\r\n\r\n    <!-- BEGIN Side Top Seller -->\r\n    {{#if products.top_sellers}}\r\n        {{> components/products/top products=products.top_sellers}}\r\n    {{/if}}\r\n    <!-- END Side Top Seller -->\r\n\r\n    <!-- BEGIN Side Custom CMS Block -->\r\n    {{> components/halothemes/side-custom-block}}\r\n    <!-- END Side Custom CMS Block -->\r\n</nav>","components/faceted-search/index":"<div id=\"facetedSearch\" class=\"facetedSearch sidebarBlock\">\r\n    {{> components/faceted-search/selected-facets this.selected}}\r\n\r\n    <a href=\"#facetedSearch-navList\" role=\"button\" class=\"facetedSearch-toggle toggleLink\" data-collapsible>\r\n        <span class=\"facetedSearch-toggle-text\">\r\n            {{#if facets.length '>' 2}}\r\n                {{lang 'search.faceted.browse-by'}} {{ join (pluck facets 'title') ', ' limit=2 }} &amp; {{ toLowerCase (lang 'search.faceted.more') }}\r\n            {{/if}}\r\n\r\n            {{#if facets.length '<=' 2}}\r\n                {{lang 'search.faceted.browse-by'}} {{ join (pluck facets 'title') ', ' lastSeparator=' & ' }}\r\n            {{/if}}\r\n        </span>\r\n\r\n        <span class=\"facetedSearch-toggle-indicator\">\r\n            <span class=\"toggleLink-text toggleLink-text--on\">\r\n                {{lang 'search.faceted.hide-filters'}}\r\n\r\n                <i class=\"icon\" aria-hidden=\"true\">\r\n                    <svg><use xlink:href=\"#icon-keyboard-arrow-up\"/></svg>\r\n                </i>\r\n            </span>\r\n\r\n            <span class=\"toggleLink-text toggleLink-text--off\">\r\n                {{lang 'search.faceted.show-filters'}}\r\n\r\n                <i class=\"icon\" aria-hidden=\"true\">\r\n                    <svg><use xlink:href=\"#icon-keyboard-arrow-down\"/></svg>\r\n                </i>\r\n            </span>\r\n        </span>\r\n    </a>\r\n\r\n    {{#any facets visible=true}}\r\n        <div\r\n            id=\"facetedSearch-navList\"\r\n            class=\"facetedSearch-navList blocker-container\">\r\n            <div class=\"accordion accordion--navList\">\r\n                {{#each facets}}\r\n                    {{#if visible}}\r\n                        {{{dynamicComponent 'components/faceted-search/facets'}}}\r\n                    {{/if}}\r\n                {{/each}}\r\n            </div>\r\n\r\n            <div class=\"blocker\" style=\"display: none;\"></div>\r\n        </div>\r\n    {{/any}}\r\n</div>\r\n","components/category/shop-by-price":"{{#if shop_by_price}}\r\n    <div class=\"sidebarBlock\" id=\"sideShopByPrice\">\r\n        <h5 class=\"side-module-heading\"><span>{{lang 'category.shop_by_price'}}</span></h5>\r\n        <ul>\r\n            {{#each shop_by_price}}\r\n            <li>\r\n                <a class=\"{{#if selected }} is-active {{/if}}\" href=\"{{url}}\" alt=\"{{low.formatted}} - {{high.formatted}}\" title=\"{{low.formatted}} - {{high.formatted}}\">{{low.formatted}} - {{high.formatted}}</a>\r\n            </li>\r\n            {{/each}}\r\n\r\n            {{#any shop_by_price selected=true}}\r\n                <li>\r\n                    <a href=\"{{category_url}}\">\r\n                        {{lang 'category.reset'}}\r\n                    </a>\r\n                </li>\r\n            {{/any}}\r\n        </ul>\r\n    </div>\r\n{{/if}}\r\n","components/products/top":"<div id=\"sideTopSellers\" class=\"sidebarBlock\">\r\n   <h5 class=\"side-module-heading\"><span>{{lang 'halothemes.top' }}</span></h5>\r\n   {{> components/products/side-carousel products=products}}\r\n</div>\r\n\r\n","components/halothemes/side-custom-block":"<div id=\"sideBannerImage\" class=\"sidebarBlock\">\r\n    <a class=\"btn_c typeform-share\" href=\"https://lovecareclub.typeform.com/to/YOMJxQ\" target=\"_blank\">\r\n        <img src=\"/product_images/uploaded_images/quiz-cms-block.png\" alt=\"Take our incontinence products quiz\">\r\n    </a>\r\n</div>\r\n<div id=\"sideCustomCMS\" class=\"sidebarBlock\">\r\n    <a href=\"/subscribe-and-save/\" title=\"subscribe and save to adult diaper products\"><img src=\"/product_images/uploaded_images/subscribe-and-save-cms-block.png\" alt=\"Side Left Banner\"></a>\r\n    <h5 class=\"side-module-heading\" style=\"padding-top:10px;\"><span>Need Help?</span></h5>\r\n    <div class=\"side-cms-content\">\r\n        <p><a href=\"tel:+18558551666\">Give us a call at <strong>(855) 855-1666</strong> <i class=\"fa fa-angle-double-right\"></i></a></p>\r\n    </div>\r\n</div>\r\n\r\n","components/products/side-carousel":"<section class=\"productCarousel owl-carousel\"\r\n    data-owl='{\r\n        \"nav\": true,\r\n        \"dots\": false,\r\n        \"items\": 1,\r\n        \"margin\": 30,\r\n        \"slideBy\": 1,\r\n        \"responsive\": {\r\n         \"0\": {\r\n            \"items\": 1,\r\n            \"slideBy\": 1\r\n         },\r\n         \"480\": {\r\n            \"items\": 2,\r\n            \"slideBy\": 2,\r\n            \"margin\": 20\r\n         },\r\n         \"641\": {\r\n            \"items\": 3,\r\n            \"slideBy\": 3\r\n         },\r\n         \"768\": {\r\n            \"items\": 1,\r\n            \"slideBy\": 1\r\n         },\r\n         \"992\": {\r\n            \"items\": 1,\r\n            \"slideBy\": 1\r\n         },\r\n         \"1200\": {\r\n            \"items\": 1,\r\n            \"slideBy\": 1\r\n         }\r\n      },\r\n      \"responsiveRefreshRate\": 0\r\n    }'>\r\n    {{#each products}}\r\n    <div class=\"prod-item\">\r\n        {{> components/products/card-top-seller theme_settings=../theme_settings customer=../customer}}\r\n    </div>\r\n    {{/each}}\r\n</section>\r\n","components/faceted-search/selected-facets":"<div class=\"facetedSearch-refineFilters sidebarBlock\">\r\n    <h5 class=\"side-module-heading\">\r\n        <span>{{lang 'search.faceted.selected.title'}}</span>\r\n    </h5>\r\n\r\n    {{#if this.items}}\r\n        <ul class=\"inlineList inlineList--labels\">\r\n            {{#each this.items}}\r\n                <li>\r\n                    <a\r\n                        href=\"{{ url }}\"\r\n                        class=\"facetLabel\"\r\n                        rel=\"nofollow\"\r\n                        data-faceted-search-facet>\r\n                        {{#if facet '===' 'rating'}}\r\n                            {{lang 'search.faceted.selected.rating-label' rating=title}}\r\n                        {{else}}\r\n                            {{ title }}\r\n                        {{/if}}\r\n\r\n                        <svg class=\"icon\">\r\n                            <use xlink:href=\"#icon-close\" />\r\n                        </svg>\r\n                    </a>\r\n                </li>\r\n            {{/each}}\r\n        </ul>\r\n    {{else}}\r\n        <div class=\"alert alert-warning text-center\">{{lang 'search.faceted.selected.no-filters'}}</div>\r\n    {{/if}}\r\n\r\n    {{#if remove_all_url}}\r\n        <a class=\"btn btn-alt btn-sm btn-block\" href=\"{{ remove_all_url }}\" data-faceted-search-facet>\r\n            {{lang 'search.faceted.selected.clear-all'}}\r\n        </a>\r\n    {{/if}}\r\n</div>\r\n","components/faceted-search/facets/hierarchy-children":"<ul class=\"navList navList--inner\">\r\n    {{#each this}}\r\n        <li class=\"navList-item\">\r\n            <a\r\n            href=\"{{url}}\"\r\n            class=\"navList-action navList-action--checkbox {{#if selected }} is-selected {{/if}} {{#if has_sub_categories }} has-children {{/if}}\"\r\n            rel=\"nofollow\"\r\n            data-id=\"{{ id }}\"\r\n            data-faceted-search-facet>\r\n                <span>\r\n                {{title}}\r\n                {{#if ../show_product_counts}}\r\n                    {{#if count}}\r\n                        ({{count}})\r\n                    {{/if}}\r\n                {{/if}}\r\n                </span>\r\n            </a>\r\n            {{#if children}}\r\n                {{> components/faceted-search/facets/hierarchy-children children}}\r\n            {{/if}}\r\n        </li>\r\n    {{/each}}\r\n</ul>\r\n","components/faceted-search/facets/multi":"{{#if items}}\r\n<div class=\"accordion-block\">\r\n    <div\r\n        class=\"accordion-navigation toggleLink {{#unless ../start_collapsed }} is-open {{/unless}}\"\r\n        role=\"button\"\r\n        data-collapsible=\"#facetedSearch-content--{{ facet }}\">\r\n        <h5 class=\"accordion-title side-module-heading\">\r\n            <span>{{ title }}</span>\r\n        </h5>\r\n\r\n        <div class=\"accordion-navigation-actions\">\r\n            {{#if selected}}\r\n                <a href=\"{{ remove_url }}\" class=\"facetedSearch-clearLink\" data-faceted-search-facet>{{lang 'search.faceted.clear'}}</a>\r\n            {{/if}}\r\n            <svg class=\"icon accordion-indicator toggleLink-text toggleLink-text--off\">\r\n                <use xlink:href=\"#icon-add\" />\r\n            </svg>\r\n            <svg class=\"icon accordion-indicator toggleLink-text toggleLink-text--on\">\r\n                <use xlink:href=\"#icon-remove\" />\r\n            </svg>\r\n        </div>\r\n    </div>\r\n\r\n    <div id=\"facetedSearch-content--{{ facet }}\" class=\"accordion-content {{#unless ../start_collapsed }} is-open {{/unless}}\">\r\n        <ul id=\"facetedSearch-navList--{{ facet }}\" data-facet=\"{{facet}}\" class=\"navList\" data-has-more-results=\"{{ has_more_results }}\">\r\n            {{#each items}}\r\n                <li class=\"navList-item\">\r\n                    <a\r\n                        href=\"{{ url }}\"\r\n                        class=\"navList-action navList-action--checkbox {{#if selected }} is-selected {{/if}}\"\r\n                        rel=\"nofollow\"\r\n                        data-faceted-search-facet>\r\n                        <span>{{ title }}\r\n                        {{#if ../show_product_counts}}\r\n                            ({{ count }})\r\n                        {{/if}}\r\n                        </span>\r\n                        <span class=\"navList-action-close\" aria-hidden=\"true\">\r\n                            <svg class=\"icon\">\r\n                                <use xlink:href=\"#icon-close\"/>\r\n                            </svg>\r\n                        </span>\r\n                    </a>\r\n                </li>\r\n            {{/each}}\r\n        </ul>\r\n\r\n        {{#if show_more_toggle}}\r\n            <a href=\"#facetedSearch-navList--{{ facet }}\" role=\"button\" class=\"toggleLink\">\r\n                <span class=\"toggleLink-text toggleLink-text--off\">{{lang 'search.faceted.show-more'}}</span>\r\n            </a>\r\n        {{/if}}\r\n    </div>\r\n</div>\r\n{{/if}}\r\n","components/faceted-search/facets/range":"<div class=\"accordion-block\">\r\n    <div\r\n        class=\"accordion-navigation toggleLink {{#unless ../start_collapsed }} is-open {{/unless}}\"\r\n        role=\"button\"\r\n        data-collapsible=\"#facetedSearch-content--{{ facet }}\">\r\n        <h5 class=\"accordion-title side-module-heading\">\r\n            <span>{{ title }}</span>\r\n        </h5>\r\n\r\n        <div class=\"accordion-navigation-actions\">\r\n            {{#if selected}}\r\n                <a href=\"{{ remove_url }}\" class=\"facetedSearch-clearLink\" data-faceted-search-facet>{{lang 'search.faceted.clear'}}</a>\r\n            {{/if}}\r\n            <svg class=\"icon accordion-indicator toggleLink-text toggleLink-text--off\">\r\n                <use xlink:href=\"#icon-add\" />\r\n            </svg>\r\n            <svg class=\"icon accordion-indicator toggleLink-text toggleLink-text--on\">\r\n                <use xlink:href=\"#icon-remove\" />\r\n            </svg>\r\n        </div>\r\n    </div>\r\n\r\n    <div id=\"facetedSearch-content--{{ facet }}\" class=\"accordion-content {{#unless ../start_collapsed }} is-open {{/unless}}\">\r\n        <form id=\"facet-range-form\" class=\"form\" method=\"get\" data-faceted-search-range novalidate>\r\n            {{#each current_selected_items}}\r\n                <input type=\"hidden\" name=\"{{ param_name }}[]\" value=\"{{ param_value }}\"/>\r\n            {{/each}}\r\n            <input type=\"hidden\" name=\"search_query\" value=\"{{search_query}}\">\r\n            {{#if sort}}\r\n                <input type=\"hidden\" name=\"sort\" value=\"{{sort}}\">\r\n            {{/if}}\r\n            <fieldset class=\"form-fieldset\">\r\n                <div class=\"form-minMaxRow\">\r\n                    <div class=\"form-field\">\r\n                        <input\r\n                            name=\"min_price\"\r\n                            placeholder=\"{{lang 'search.faceted.range.min-placeholder'}}\"\r\n                            min=\"0\"\r\n                            class=\"form-input form-input--small\"\r\n                            required\r\n                            type=\"number\"\r\n                            value=\"{{ min_price }}\"\r\n                        />\r\n                    </div>\r\n\r\n                    <div class=\"form-field\">\r\n                        <input\r\n                            name=\"max_price\"\r\n                            placeholder=\"{{lang 'search.faceted.range.max-placeholder'}}\"\r\n                            min=\"0\"\r\n                            class=\"form-input form-input--small\"\r\n                            required\r\n                            type=\"number\"\r\n                            value=\"{{ max_price }}\"\r\n                        />\r\n                    </div>\r\n                </div>\r\n\r\n                <div class=\"form-inlineMessage\"></div>\r\n\r\n                <button class=\"btn btn-alt btn-sm btn-block\" type=\"submit\">\r\n                    {{lang 'search.faceted.range.update'}}\r\n                </button>\r\n\r\n            </fieldset>\r\n        </form>\r\n    </div>\r\n</div>\r\n","components/faceted-search/facets/rating":"{{#if items}}\r\n<div class=\"accordion-block\">\r\n    <div\r\n        class=\"accordion-navigation toggleLink {{#unless ../start_collapsed }} is-open {{/unless}}\"\r\n        role=\"button\"\r\n        data-collapsible=\"#facetedSearch-content--{{ facet }}\">\r\n        <h5 class=\"accordion-title side-module-heading\">\r\n            <span>{{ title }}</span>\r\n        </h5>\r\n\r\n        <div class=\"accordion-navigation-actions\">\r\n            {{#if selected}}\r\n                <a href=\"{{ remove_url }}\" class=\"facetedSearch-clearLink\" data-faceted-search-facet>{{lang 'search.faceted.clear'}}</a>\r\n            {{/if}}\r\n            <svg class=\"icon accordion-indicator toggleLink-text toggleLink-text--off\">\r\n                <use xlink:href=\"#icon-add\" />\r\n            </svg>\r\n            <svg class=\"icon accordion-indicator toggleLink-text toggleLink-text--on\">\r\n                <use xlink:href=\"#icon-remove\" />\r\n            </svg>\r\n        </div>\r\n    </div>\r\n\r\n    <div id=\"facetedSearch-content--{{ facet }}\" class=\"accordion-content {{#unless ../start_collapsed }} is-open {{/unless}}\">\r\n        <ul class=\"navList\">\r\n            {{#each items}}\r\n                <li class=\"navList-item\">\r\n                    <a href=\"{{ url }}\"\r\n                       class=\"navList-action navList-action--checkbox {{#if selected }} is-selected {{/if}}\"\r\n                       rel=\"nofollow\"\r\n                       data-faceted-search-facet>\r\n                        <span class=\"rating--small\">\r\n                            {{> components/products/ratings rating=title}}\r\n                            {{lang 'search.faceted.rating.and-up'}}\r\n                            {{#if ../show_product_counts}}\r\n                                ({{ count }})\r\n                            {{/if}}\r\n                        </span>\r\n                    </a>\r\n                </li>\r\n            {{/each}}\r\n        </ul>\r\n    </div>\r\n</div>\r\n{{/if}}\r\n","components/faceted-search/facets/hierarchy":"{{#if items}}\r\n<div class=\"accordion-block\">\r\n    <div\r\n        class=\"accordion-navigation toggleLink {{#unless ../start_collapsed }} is-open {{/unless}}\"\r\n        role=\"button\"\r\n        data-collapsible=\"#facetedSearch-content--{{ facet }}\">\r\n        <h5 class=\"accordion-title side-module-heading\">\r\n            <span>{{ title }}</span>\r\n        </h5>\r\n\r\n        <div class=\"accordion-navigation-actions\">\r\n            {{#if selected}}\r\n                <a href=\"{{ remove_url }}\" class=\"facetedSearch-clearLink\" data-faceted-search-facet>{{lang 'search.faceted.clear'}}</a>\r\n            {{/if}}\r\n            <svg class=\"icon accordion-indicator toggleLink-text toggleLink-text--off\">\r\n                <use xlink:href=\"#icon-add\" />\r\n            </svg>\r\n            <svg class=\"icon accordion-indicator toggleLink-text toggleLink-text--on\">\r\n                <use xlink:href=\"#icon-remove\" />\r\n            </svg>\r\n        </div>\r\n    </div>\r\n\r\n    <div id=\"facetedSearch-content--{{ facet }}\" class=\"accordion-content {{#unless ../start_collapsed }} is-open {{/unless}}\">\r\n        <ul id=\"facetedSearch-navList--{{ facet }}\" class=\"navList\" data-facet=\"{{facet}}\" data-has-more-results=\"{{ has_more_results }}\">\r\n            {{#each items}}\r\n                <li class=\"navList-item\">\r\n                    <a\r\n                        href=\"{{url}}\"\r\n                        class=\"navList-action navList-action--checkbox {{#if selected }} is-selected {{/if}} {{#if has_sub_categories }} has-children {{/if}}\"\r\n                        rel=\"nofollow\"\r\n                        data-id=\"{{ id }}\"\r\n                        data-faceted-search-facet>\r\n                        <span>\r\n                        {{ title }}\r\n                        {{#if ../show_product_counts}}\r\n                            {{#if count}}\r\n                                ({{ count }})\r\n                            {{/if}}\r\n                        {{/if}}\r\n                        </span>\r\n                    </a>\r\n                    {{#if children}}\r\n                        {{> components/faceted-search/facets/hierarchy-children children}}\r\n                    {{/if}}\r\n                </li>\r\n            {{/each}}\r\n        </ul>\r\n\r\n        {{#if show_more_toggle}}\r\n            <a href=\"#facetedSearch-navList--{{ facet }}\" role=\"button\" class=\"toggleLink\">\r\n                <span class=\"toggleLink-text toggleLink-text--off\">{{lang 'search.faceted.show-more'}}</span>\r\n            </a>\r\n        {{/if}}\r\n    </div>\r\n</div>\r\n{{/if}}\r\n","components/products/card-top-seller":"<article class=\"card {{#if alternate}}card--alternate{{/if}}\">\r\n    <figure class=\"card-figure\">\r\n        <div class=\"prod-image {{#if theme_settings.halothemes_images_swap}}{{#if images.length '>=' 2}}has-img-swap{{/if}}{{/if}}\">\r\n            <a href=\"{{url}}\">\r\n                <img class=\"card-image\" src=\"{{getImage image 'productgallery_size' (cdn theme_settings.default_image_product)}}\" alt=\"{{image.alt}}\" title=\"{{image.alt}}\">\r\n\r\n                {{#if theme_settings.halothemes_images_swap}}\r\n                {{#if images.length '>=' 2}}\r\n                {{#each images}}\r\n                    {{#if @index '==' 1}}\r\n                    <img class=\"card-image img-swap\" src=\"{{getImage this 'productgallery_size' (cdn theme_settings.default_image_product)}}\" alt=\"{{this.alt}}\">\r\n                    {{/if}}\r\n                {{/each}}\r\n                {{/if}}\r\n                {{/if}}\r\n\r\n            </a>\r\n            <div class=\"actions\">\r\n                <a href=\"/wishlist.php?action=add&product_id={{id}}\" class=\"btnWL\" title=\"{{lang 'account.wishlists.add_item'}}\"><i class=\"fa fa-heart-o\"></i></a>\r\n                {{#unless hide_product_quick_view}}\r\n                    {{#if theme_settings.show_product_quick_view}}\r\n                        <a href=\"#\" class=\"btnQV quickview\" data-product-id=\"{{id}}\">{{lang 'products.quick_view'}}</a>\r\n                    {{/if}}\r\n                {{/unless}}\r\n            </div>\r\n            {{#or price.non_sale_price_with_tax price.non_sale_price_without_tax}}\r\n            <div class=\"sale-badge\">{{lang 'halothemes.sale_badge'}}</div>\r\n            {{/or}}\r\n        </div>\r\n        <figcaption class=\"prod-desc\">\r\n\r\n            {{#if theme_settings.show_product_brand}}\r\n                {{#if brand.name}}\r\n                    <p class=\"prod-brand\" data-test-info-type=\"brandName\">{{brand.name}}</p>\r\n                {{/if}}\r\n            {{/if}}\r\n\r\n            <h4 class=\"prod-name\">\r\n                <a href=\"{{url}}\">{{name}}</a>\r\n            </h4>\r\n\r\n            <div class=\"prod-price\" data-test-info-type=\"price\">\r\n                {{#or customer (if theme_settings.restrict_to_login '!==' true)}}\r\n                    {{> components/products/price price=price customer=customer}}\r\n                {{else}}\r\n                    {{> components/common/login-for-pricing}}\r\n                {{/or}}\r\n            </div>\r\n\r\n            <div class=\"rating-compare\">\r\n                <div class=\"star-rating\" data-test-info-type=\"productRating\">\r\n                    <div class=\"rating--small\">\r\n                        {{> components/products/ratings rating=rating}}\r\n                    </div>\r\n                </div>\r\n            </div>\r\n\r\n            {{#or customer (if theme_settings.restrict_to_login '!==' true)}}\r\n                {{#if show_cart_action}}\r\n                    {{#if has_options}}\r\n                        <a href=\"{{url}}\" class=\"btn btn-alt btnATC\" data-product-id=\"{{id}}\">{{lang 'products.choose_options'}}</a>\r\n                    {{/if}}\r\n                    {{#if pre_order}}\r\n                        <a href=\"{{url}}\" class=\"btn btn-alt btnATC\">{{lang 'products.pre_order'}}</a>\r\n                    {{/if}}\r\n                    {{#if add_to_cart_url }}\r\n                        <a href=\"{{add_to_cart_url}}\" class=\"btn btn-alt btnATC\">{{lang 'products.add_to_cart'}}</a>\r\n                    {{/if}}\r\n                    {{#if out_of_stock_message }}\r\n                        <a href=\"{{url}}\" class=\"btn btn-alt btnATC\" data-product-id=\"{{id}}\">{{out_of_stock_message}}</a>\r\n                    {{/if}}\r\n                {{/if}}\r\n            {{/or}}\r\n        </figcaption>\r\n    </figure>\r\n</article>","components/products/ratings":"{{#for 1 5}}\r\n    {{#if ../this.rating '>=' $index}}\r\n        <i class=\"fa fa-star color\"></i>\r\n    {{else}}\r\n        <i class=\"fa fa-star\"></i>\r\n    {{/if}}\r\n{{/for}}\r\n{{{snippet 'product_rating'}}}\r\n","components/products/price":"{{#or has_options product.options.length}}\r\n    {{#if price.with_tax}}\r\n        <div class=\"price-section price-section--withTax\" {{#if schema_org}}itemprop=\"offers\" itemscope itemtype=\"http://schema.org/Offer\"{{/if}}>\r\n            {{#if price.rrp_with_tax}}\r\n                <span data-product-rrp-with-tax class=\"price price--rrp\">{{price.rrp_with_tax.formatted}}</span>\r\n            {{/if}}\r\n            {{#if page_type '!==' 'product'}}\r\n                {{#if theme_settings.price_as_low_as}}\r\n                    <span translate>As low as </span>\r\n                {{/if}}\r\n            {{/if}}\r\n            <span data-product-price-with-tax class=\"price\">{{price.with_tax.formatted}}</span>\r\n            {{#if price.without_tax}}\r\n                {{lang 'products.price_with_tax' tax_label=price.tax_label}}\r\n            {{/if}}\r\n        </div>\r\n    {{/if}}\r\n    {{#if price.without_tax}}\r\n        <div class=\"price-section price-section--withoutTax {{#if price.with_tax}}price-section--minor{{/if}}\"  {{#if schema_org}}itemprop=\"offers\" itemscope itemtype=\"http://schema.org/Offer\"{{/if}}>\r\n            {{#if price.rrp_without_tax}}\r\n                <span data-product-rrp-without-tax class=\"price price--rrp\">{{price.rrp_without_tax.formatted}}</span>\r\n            {{/if}}\r\n            {{#if schema_org}}\r\n                <meta itemprop=\"price\" content=\"{{price.without_tax.value}}\">\r\n                <meta itemprop=\"priceCurrency\" content=\"{{currency_selector.active_currency_code}}\">\r\n                <meta itemprop=\"availability\" content=\"{{product.availability}}\">\r\n                <meta itemprop=\"itemCondition\" itemtype=\"http://schema.org/OfferItemCondition\" content=\"http://schema.org/{{product.condition}}Condition\">\r\n            {{/if}}\r\n            {{#if page_type '!==' 'product'}}\r\n                {{#if theme_settings.price_as_low_as}}\r\n                    <span translate>As low as </span>\r\n                {{/if}}\r\n            {{/if}}\r\n            <span data-product-price-without-tax class=\"price price--withoutTax\">{{price.without_tax.formatted}}</span>\r\n            {{#if price.with_tax}}\r\n                <abbr title=\"{{lang 'products.excluding_tax'}}\">{{lang 'products.price_without_tax' tax_label=price.tax_label}}</abbr>\r\n            {{/if}}\r\n        </div>\r\n    {{/if}}\r\n    {{#if page_type '===' 'product'}}\r\n        {{#if price.saved}}\r\n            <div class=\"price-section price-section--saving\">\r\n                <span class=\"price\">\r\n                    {{lang 'products.you_save' amount=price.saved.formatted}}\r\n                </span>\r\n            </div>\r\n        {{/if}}\r\n    {{/if}}\r\n{{else}}\r\n    {{#if price.with_tax}}\r\n        <div class=\"price-section price-section--withTax\" {{#if schema_org}}itemprop=\"offers\" itemscope itemtype=\"http://schema.org/Offer\"{{/if}}>\r\n            {{#if price.rrp_with_tax}}\r\n                <span data-product-rrp-with-tax class=\"price price--rrp\">{{price.rrp_with_tax.formatted}}</span>\r\n            {{/if}}\r\n            <span data-product-price-with-tax class=\"price\">{{price.with_tax.formatted}}</span>\r\n            {{#if price.without_tax}}\r\n                {{lang 'products.price_with_tax' tax_label=price.tax_label}}\r\n            {{/if}}\r\n        </div>\r\n    {{/if}}\r\n    {{#if price.without_tax}}\r\n        <div class=\"price-section price-section--withoutTax {{#if price.with_tax}}price-section--minor{{/if}}\"  {{#if schema_org}}itemprop=\"offers\" itemscope itemtype=\"http://schema.org/Offer\"{{/if}}>\r\n            {{#if price.rrp_without_tax}}\r\n                <span data-product-rrp-without-tax class=\"price price--rrp\">{{price.rrp_without_tax.formatted}}</span>\r\n            {{/if}}\r\n            {{#if schema_org}}\r\n                <meta itemprop=\"price\" content=\"{{price.without_tax.value}}\">\r\n                <meta itemprop=\"priceCurrency\" content=\"{{currency_selector.active_currency_code}}\">\r\n            {{/if}}\r\n            <span data-product-price-without-tax class=\"price price--withoutTax\">{{price.without_tax.formatted}}</span>\r\n            {{#if price.with_tax}}\r\n                <abbr title=\"{{lang 'products.excluding_tax'}}\">{{lang 'products.price_without_tax' tax_label=price.tax_label}}</abbr>\r\n            {{/if}}\r\n        </div>\r\n    {{/if}}\r\n    {{#if page_type '===' 'product'}}\r\n        {{#if price.saved}}\r\n            <div class=\"price-section price-section--saving\">\r\n                <span class=\"price\">\r\n                    {{lang 'products.you_save' amount=price.saved.formatted}}\r\n                </span>\r\n            </div>\r\n        {{/if}}\r\n    {{/if}}\r\n{{/or}}","components/common/login-for-pricing":"<p translate>Log in for pricing</p>"}