{"components/blog/post":"<article class=\"blog\">\r\n\r\n    <div class=\"blog-post-body\">\r\n        <header class=\"blog-header\">\r\n            <h2 class=\"blog-title\">\r\n                <a href=\"{{post.url}}\">{{post.title}}</a>\r\n            </h2>\r\n            <p class=\"blog-date\">{{#if post.author}}{{lang 'blog.posted_by' name=post.author}} on {{/if}}{{post.date_published}}</p>\r\n        </header>\r\n\r\n        <div class=\"blog-post-figure\">\r\n            {{#if post.thumbnail}}\r\n                <figure class=\"blog-thumbnail\">\r\n                    <a href=\"{{post.url}}\">\r\n                        <img src=\"{{getImage post.thumbnail 'blog_size'}}\" alt=\"{{post.thumbnail.alt}}\" title=\"{{post.thumbnail.alt}}\">\r\n                    </a>\r\n                </figure>\r\n            {{/if}}\r\n        </div>\r\n\r\n        <div class=\"blog-post\">\r\n            {{#if post.body}}\r\n                {{{post.body}}}\r\n            {{else}}\r\n                {{post.summary}}\r\n            {{/if}}\r\n        </div>\r\n\r\n        {{#if post.show_read_more}}\r\n            <div class=\"clear\"></div>\r\n            <a class=\"btn btn-alt blog-readmore\" href=\"{{url}}\">read more</a>\r\n        {{/if}}\r\n\r\n        {{#if show_tags}}\r\n            {{#if post.tags}}\r\n                <ul class=\"tags\">\r\n                    {{#each post.tags}}\r\n                    <li class=\"tag\">\r\n                        <a href=\"{{url}}\">{{name}}</a>\r\n                    </li>\r\n                    {{/each}}\r\n                </ul>\r\n            {{/if}}\r\n        {{/if}}\r\n\r\n        {{>components/common/share}}\r\n\r\n    </div>\r\n</article>\r\n\r\n<script type=\"application/ld+json\">\r\n{\r\n  \"@context\": \"http://schema.org\",\r\n  \"@type\": \"Article\",\r\n  \"url\": {{ canonical_url | json }},\r\n  \"mainEntityOfPage\": {{ canonical_url | json }},\r\n  \"name\": {{ article.title | json }},\r\n  \"author\": {{ jsonld_for_seo_object.metafields.jsonld.author | default: article.author | json }},\r\n  \"publisher\": {\r\n    \"@type\": \"Organization\",\r\n    \"logo\": {\r\n      \"@type\": \"ImageObject\",{% unless shop.metafields.jsonld.logoWidth == blank %}\r\n      \"width\": {{ shop.metafields.jsonld.logoWidth | json }},{% endunless %}{% unless shop.metafields.jsonld.logoHeight == blank %}\r\n      \"height\": {{ shop.metafields.jsonld.logoHeight | json }},{% endunless %}\r\n      \"url\": {{ jsonld_logo | json }}\r\n    },\r\n    \"name\": {{ shop.name | json }}\r\n  },\r\n  \"headline\": {{ article.title | json }},\r\n  \"image\": {\r\n    \"@type\": \"ImageObject\",{% assign articleImageWidth = article.metafields.jsonld.imageWidth | default: shop.metafields.jsonld.articleImageWidth | default: 1024 %}\r\n    \"width\": {{ articleImageWidth | json }},{% assign articleImageHeight = article.metafields.jsonld.imageHeight | default: shop.metafields.jsonld.articleImageHeight | default: 1024 %}\r\n    \"height\": {{ articleImageHeight | json }},{% if article.image %}\r\n    \"url\": \"https:{{ article | img_url: '1024x1024' }}\"{% else %}\r\n    \"url\": \"https://cdn.shopify.com/s/images/admin/no-image-large.gif\"{% endif %}\r\n  },\r\n  \"datePublished\": \"{{ article.created_at }}\",\r\n  \"dateModified\": \"{{ article.published_at }}\",\r\n  \"description\": {{ article.content | strip_html | json }},\r\n  \"articleBody\": {{ article.content | strip_html | json }}\r\n}\r\n</script>\r\n","components/common/share":"<div class=\"social-mediaBlock\">\r\n    <script type=\"text/javascript\" src=\"//s7.addthis.com/js/300/addthis_widget.js#pubid=ra-564d3080dd24d74d\" async=\"async\"></script>\r\n    <!-- Go to www.addthis.com/dashboard to customize your tools -->\r\n    <div class=\"addthis_native_toolbox\"></div>\r\n</div>"}