{"components/halothemes/home-brand-slider":"<div id=\"homeBrands\" class=\"wow fadeIn\">\r\n    <div class=\"container\">\r\n        <div class=\"owl-carousel\" data-owl='{\r\n            \"items\": 6,\r\n            \"nav\": true,\r\n            \"margin\": 30,\r\n            \"dots\": false,\r\n            \"slideBy\": 5,\r\n            \"responsive\": {\r\n               \"0\": {\r\n                  \"items\": 1,\r\n                  \"slideBy\": 1\r\n               },\r\n               \"420\": {\r\n                  \"items\": 2,\r\n                  \"slideBy\": 2\r\n               },\r\n               \"560\": {\r\n                  \"items\": 3,\r\n                  \"slideBy\": 3\r\n               },\r\n               \"768\": {\r\n                  \"items\": 4,\r\n                  \"slideBy\": 4\r\n               },\r\n               \"992\": {\r\n                  \"items\": 4,\r\n                  \"slideBy\": 4\r\n               },\r\n               \"1200\": {\r\n                  \"items\": 5,\r\n                  \"slideBy\": 5\r\n               }\r\n            },\r\n            \"responsiveRefreshRate\": 0\r\n         }'>\r\n            <a href=\"/brands/Abena.html\" title=\"Abena Incontinence Supplies\">\r\n            <img src=\"/product_images/uploaded_images/abena-slider.png\" alt=\"Abena Adult diapers Brand Link\"\r\n                 onmouseover=\"this.src='/product_images/uploaded_images/abena-slider-color.png';\"\r\n                 onmouseout=\"this.src='/product_images/uploaded_images/abena-slider.png';\">\r\n            </img>\r\n            </a>\r\n            <a href=\"/brands/TENA.html\" title=\"TENA Incontinence Supplies\">\r\n                <img src=\"/product_images/uploaded_images/tena-slider.png\" alt=\"TENA  Adult diapers Brand Link\"\r\n                     onmouseover=\"this.src='/product_images/uploaded_images/tena-slider-color.png';\"\r\n                     onmouseout=\"this.src='/product_images/uploaded_images/tena-slider.png';\">\r\n                </img>\r\n            </a>\r\n            <a href=\"/brands/Tranquility.html\" title=\"Tranquility Incontinence Supplies\">\r\n                <img src=\"/product_images/uploaded_images/tranquility-slider.png\" alt=\"Tranquility Adult diapers Brand Link\"\r\n                     onmouseover=\"this.src='/product_images/uploaded_images/tranquility-slider-color.png';\"\r\n                     onmouseout=\"this.src='/product_images/uploaded_images/tranquility-slider.png';\">\r\n                </img>\r\n            </a>\r\n            <a href=\"/brands/Prevail.html\" title=\"Prevail Incontinence Supplies\">\r\n                <img src=\"/product_images/uploaded_images/prevail-slider.png\" alt=\"Prevail  Adult diapers  Brand Link\"\r\n                     onmouseover=\"this.src='/product_images/uploaded_images/prevail-slider-color.png';\"\r\n                     onmouseout=\"this.src='/product_images/uploaded_images/prevail-slider.png';\">\r\n                </img>\r\n            </a>\r\n            <a href=\"/brands/Covidien.html\" title=\"Covidien Incontinence Supplies\">\r\n                <img src=\"/product_images/uploaded_images/covidien-slider.png\" alt=\"Covidien hospital adult diapers Brand Link\"\r\n                     onmouseover=\"this.src='/product_images/uploaded_images/covidien-slider-color.png';\"\r\n                     onmouseout=\"this.src='/product_images/uploaded_images/covidien-slider.png';\">\r\n                </img>\r\n            </a>\r\n            <a href=\"/brands/Swimmates.html\" title=\"Swimmates Incontinence Supplies\">\r\n                <img src=\"/product_images/uploaded_images/swimmates-slider.png\" alt=\"Swimmates Adult swim waterproof diapers Brand Link\"\r\n                     onmouseover=\"this.src='/product_images/uploaded_images/swimmates-slider-color.png';\"\r\n                     onmouseout=\"this.src='/product_images/uploaded_images/swimmates-slider.png';\">\r\n                </img>\r\n            </a>\r\n            <a href=\"/brands/Attends.html\" title=\"Attends Incontinence Supplies\">\r\n                <img src=\"/product_images/uploaded_images/attends-slider.png\" alt=\"Attends domtar adult and baby diapers for incontinence Adult diapers Brand Link\"\r\n                     onmouseover=\"this.src='/product_images/uploaded_images/attends-slider-color.png';\"\r\n                     onmouseout=\"this.src='/product_images/uploaded_images/attends-slider.png';\">\r\n                </img>\r\n            </a>\r\n            <a href=\"/brands/McKesson.html\" title=\"McKesson Incontinence Supplies\">\r\n                <img src=\"/product_images/uploaded_images/mckesson-slider.png\" alt=\"McKesson medical supplies, underpads, and adult diapers Brand Link\"\r\n                     onmouseover=\"this.src='/product_images/uploaded_images/mckesson-slider-color.png';\"\r\n                     onmouseout=\"this.src='/product_images/uploaded_images/mckesson-slider.png';\">\r\n                </img>\r\n            </a>\r\n            <a href=\"/brands/Depend.html\" title=\"Depend Incontinence Supplies\">\r\n                <img src=\"/product_images/uploaded_images/depend-slider.png\" alt=\"Depend Adult diapers and protective underwear Brand Link\"\r\n                     onmouseover=\"this.src='/product_images/uploaded_images/depend-slider-color.png';\"\r\n                     onmouseout=\"this.src='/product_images/uploaded_images/depend-slider.png';\">\r\n                </img>\r\n            </a>\r\n            <a href=\"/brands/Poise.html\" title=\"Poise Incontinence Supplies\">\r\n                <img src=\"/product_images/uploaded_images/poise-slider.png\" alt=\"Poise Adult incontinence pads Brand Link\"\r\n                     onmouseover=\"this.src='/product_images/uploaded_images/poise-slider-color.png';\"\r\n                     onmouseout=\"this.src='/product_images/uploaded_images/poise-slider.png';\">\r\n                </img>\r\n            </a>\r\n            <a href=\"/brands/Cuties.html\" title=\"Cuties Baby and Youth Diapers\">\r\n                <img src=\"/product_images/uploaded_images/cuties-slider.png\" alt=\"Cuties baby and youth diapers Brand Link\"\r\n                     onmouseover=\"this.src='/product_images/uploaded_images/cuties-slider-color.png';\"\r\n                     onmouseout=\"this.src='/product_images/uploaded_images/cuties-slider.png';\">\r\n                </img>\r\n            </a>\r\n            <a href=\"/brands/Comfees.html\" title=\"Comfees by Attends Baby and Youth Diapers\">\r\n                <img src=\"/product_images/uploaded_images/comfees-slider.png\" alt=\"Cuties baby and youth diapers Brand Link\"\r\n                     onmouseover=\"this.src='/product_images/uploaded_images/comfees-slider-color.png';\"\r\n                     onmouseout=\"this.src='/product_images/uploaded_images/comfees-slider.png';\">\r\n                </img>\r\n            </a>\r\n        </div>\r\n    </div>\r\n</div>\r\n"}