{"components/carousel":"{{#if carousel.slides}}\r\n<section class=\"heroCarousel owl-carousel\"\r\n    data-owl='{\r\n        \"nav\": {{theme_settings.homepage_carousel_navigation}},\r\n        \"dots\": {{theme_settings.homepage_carousel_pagination}},\r\n        \"items\": 1,\r\n        \"autoplay\": {{theme_settings.homepage_carousel_autoplay}},\r\n        \"autoplayTimeout\": {{carousel.swap_frequency}},\r\n        \"autoplayHoverPause\": true,\r\n        \"loop\": true,\r\n        \"responsiveRefreshRate\": 0,\r\n        \"responsive\": {\r\n            \"1200\": {\r\n                \"items\": 2,\r\n                \"autoWidth\": true,\r\n                \"center\": true\r\n            }\r\n        }\r\n    }'>\r\n    {{#each carousel.slides}}\r\n    <div class=\"heroCarousel-slide slide-item-{{@index}}\">\r\n        <img class=\"heroCarousel-image\" src=\"{{image}}\" alt=\"{{alt_text}}\" title=\"{{alt_text}}\"/>\r\n        {{#if heading}}\r\n            {{> components/carousel-content show_background=true}}\r\n        {{else}}\r\n            {{#if text}}\r\n                {{> components/carousel-content show_background=true}}\r\n            {{else}}\r\n                {{#if button_text}}\r\n                    {{> components/carousel-content show_background=false}}\r\n                {{/if}}\r\n            {{/if}}\r\n        {{/if}}\r\n    </div>\r\n    {{/each}}\r\n</section>\r\n{{/if}}\r\n","components/carousel-content":"<div class=\"heroCarousel-content{{#unless show_background}} heroCarousel-content--empty{{/unless}}\">\r\n    <h1 class=\"heroCarousel-title\">{{{heading}}}</h1>\r\n    <p class=\"heroCarousel-description\">{{{text}}}</p>\r\n    {{#if button_text}}\r\n        <a class=\"heroCarousel-action btn btn-alt\" href=\"{{url}}\">{{{button_text}}}</a>\r\n    {{/if}}\r\n</div>\r\n"}