{"components/search/quick-results":"{{#if product_results.products}}\r\n<ul class=\"productItems\">\r\n   {{#each product_results.products}}\r\n   <li class=\"product\">\r\n      {{> components/products/quick-search-products alternate=true show_compare=../show_compare theme_settings=../theme_settings}}\r\n   </li>\r\n   {{/each}}\r\n</ul>\r\n{{else}}\r\n<div class=\"alert alert-warning\">\r\n   <p class=\"quickSearchMessage\">\r\n      {{lang 'search.results.quick_count' count=pagination.product_results.total search_query=forms.search.query}}\r\n   </p>\r\n</div>\r\n{{/if}}\r\n","components/products/quick-search-products":"<article class=\"result-item {{#if alternate}}item--alternate{{/if}}\">\r\n    <figure>\r\n        <div class=\"item-image\">\r\n            <a href=\"{{url}}\">\r\n                <img src=\"{{getImage image 'productgallery_size' (cdn theme_settings.default_image_product)}}\" alt=\"{{image.alt}}\" title=\"{{image.alt}}\">\r\n            </a>\r\n        </div>\r\n    </figure>\r\n    <figcaption class=\"item-desc\">\r\n        <h4 class=\"item-name\">\r\n            <a href=\"{{url}}\">{{name}}</a>\r\n        </h4>\r\n\r\n        <div class=\"item-price\" data-test-info-type=\"price\">\r\n            {{#or customer (if theme_settings.restrict_to_login '!==' true)}}\r\n                {{> components/products/price price=product.price schema_org=schema}}\r\n            {{else}}\r\n                {{> components/common/login-for-pricing}}\r\n            {{/or}}\r\n        </div>\r\n        <div class=\"star-rating\" data-test-info-type=\"productRating\">\r\n            <div class=\"rating--small\">\r\n                {{> components/products/ratings rating=rating}}\r\n            </div>\r\n        </div>\r\n    </figcaption>\r\n</article>","components/common/login-for-pricing":"<p translate>Log in for pricing</p>","components/products/ratings":"{{#for 1 5}}\r\n    {{#if ../this.rating '>=' $index}}\r\n        <i class=\"fa fa-star color\"></i>\r\n    {{else}}\r\n        <i class=\"fa fa-star\"></i>\r\n    {{/if}}\r\n{{/for}}\r\n{{{snippet 'product_rating'}}}\r\n","components/products/price":"{{#or has_options product.options.length}}\r\n    {{#if price.with_tax}}\r\n        <div class=\"price-section price-section--withTax\" {{#if schema_org}}itemprop=\"offers\" itemscope itemtype=\"http://schema.org/Offer\"{{/if}}>\r\n            {{#if price.rrp_with_tax}}\r\n                <span data-product-rrp-with-tax class=\"price price--rrp\">{{price.rrp_with_tax.formatted}}</span>\r\n            {{/if}}\r\n            {{#if page_type '!==' 'product'}}\r\n                {{#if theme_settings.price_as_low_as}}\r\n                    <span translate>As low as </span>\r\n                {{/if}}\r\n            {{/if}}\r\n            <span data-product-price-with-tax class=\"price\">{{price.with_tax.formatted}}</span>\r\n            {{#if price.without_tax}}\r\n                {{lang 'products.price_with_tax' tax_label=price.tax_label}}\r\n            {{/if}}\r\n        </div>\r\n    {{/if}}\r\n    {{#if price.without_tax}}\r\n        <div class=\"price-section price-section--withoutTax {{#if price.with_tax}}price-section--minor{{/if}}\"  {{#if schema_org}}itemprop=\"offers\" itemscope itemtype=\"http://schema.org/Offer\"{{/if}}>\r\n            {{#if price.rrp_without_tax}}\r\n                <span data-product-rrp-without-tax class=\"price price--rrp\">{{price.rrp_without_tax.formatted}}</span>\r\n            {{/if}}\r\n            {{#if schema_org}}\r\n                <meta itemprop=\"price\" content=\"{{price.without_tax.value}}\">\r\n                <meta itemprop=\"priceCurrency\" content=\"{{currency_selector.active_currency_code}}\">\r\n                <meta itemprop=\"availability\" content=\"{{product.availability}}\">\r\n                <meta itemprop=\"itemCondition\" itemtype=\"http://schema.org/OfferItemCondition\" content=\"http://schema.org/{{product.condition}}Condition\">\r\n            {{/if}}\r\n            {{#if page_type '!==' 'product'}}\r\n                {{#if theme_settings.price_as_low_as}}\r\n                    <span translate>As low as </span>\r\n                {{/if}}\r\n            {{/if}}\r\n            <span data-product-price-without-tax class=\"price price--withoutTax\">{{price.without_tax.formatted}}</span>\r\n            {{#if price.with_tax}}\r\n                <abbr title=\"{{lang 'products.excluding_tax'}}\">{{lang 'products.price_without_tax' tax_label=price.tax_label}}</abbr>\r\n            {{/if}}\r\n        </div>\r\n    {{/if}}\r\n    {{#if page_type '===' 'product'}}\r\n        {{#if price.saved}}\r\n            <div class=\"price-section price-section--saving\">\r\n                <span class=\"price\">\r\n                    {{lang 'products.you_save' amount=price.saved.formatted}}\r\n                </span>\r\n            </div>\r\n        {{/if}}\r\n    {{/if}}\r\n{{else}}\r\n    {{#if price.with_tax}}\r\n        <div class=\"price-section price-section--withTax\" {{#if schema_org}}itemprop=\"offers\" itemscope itemtype=\"http://schema.org/Offer\"{{/if}}>\r\n            {{#if price.rrp_with_tax}}\r\n                <span data-product-rrp-with-tax class=\"price price--rrp\">{{price.rrp_with_tax.formatted}}</span>\r\n            {{/if}}\r\n            <span data-product-price-with-tax class=\"price\">{{price.with_tax.formatted}}</span>\r\n            {{#if price.without_tax}}\r\n                {{lang 'products.price_with_tax' tax_label=price.tax_label}}\r\n            {{/if}}\r\n        </div>\r\n    {{/if}}\r\n    {{#if price.without_tax}}\r\n        <div class=\"price-section price-section--withoutTax {{#if price.with_tax}}price-section--minor{{/if}}\"  {{#if schema_org}}itemprop=\"offers\" itemscope itemtype=\"http://schema.org/Offer\"{{/if}}>\r\n            {{#if price.rrp_without_tax}}\r\n                <span data-product-rrp-without-tax class=\"price price--rrp\">{{price.rrp_without_tax.formatted}}</span>\r\n            {{/if}}\r\n            {{#if schema_org}}\r\n                <meta itemprop=\"price\" content=\"{{price.without_tax.value}}\">\r\n                <meta itemprop=\"priceCurrency\" content=\"{{currency_selector.active_currency_code}}\">\r\n            {{/if}}\r\n            <span data-product-price-without-tax class=\"price price--withoutTax\">{{price.without_tax.formatted}}</span>\r\n            {{#if price.with_tax}}\r\n                <abbr title=\"{{lang 'products.excluding_tax'}}\">{{lang 'products.price_without_tax' tax_label=price.tax_label}}</abbr>\r\n            {{/if}}\r\n        </div>\r\n    {{/if}}\r\n    {{#if page_type '===' 'product'}}\r\n        {{#if price.saved}}\r\n            <div class=\"price-section price-section--saving\">\r\n                <span class=\"price\">\r\n                    {{lang 'products.you_save' amount=price.saved.formatted}}\r\n                </span>\r\n            </div>\r\n        {{/if}}\r\n    {{/if}}\r\n{{/or}}"}