{"components/products/product-view":"<div class=\"productView\">\r\n    {{#each product.reviews.messages}}\r\n        {{#if error}}\r\n            {{>components/common/alert-error error}}\r\n        {{/if}}\r\n        {{#if success}}\r\n            {{>components/common/alert-success success}}\r\n        {{/if}}\r\n    {{/each}}\r\n    <div class=\"productViewTop\">\r\n        <div class=\"row\">\r\n            <section class=\"productView-images col-sm-6\" data-image-gallery>\r\n\r\n                {{#or product.price.non_sale_price_with_tax product.price.non_sale_price_without_tax}}\r\n                <div class=\"sale-badge\">{{lang 'halothemes.sale_badge'}}</div>\r\n                {{/or}}\r\n                <figure class=\"productView-image\"\r\n                        data-image-gallery-main\r\n                        data-zoom-image=\"{{getImage product.main_image 'zoom_size' (cdn theme_settings.default_image_product)}}\"\r\n                        data-mfp-src=\"{{getImage product.main_image 'zoom_size' (cdn theme_settings.default_image_product)}}\"\r\n                        >\r\n                    <a href=\"{{getImage product.main_image 'zoom_size' (cdn theme_settings.default_image_product)}}\">\r\n                        <img class=\"productView-image--default\"\r\n                             src=\"{{getImage product.main_image 'product_size' (cdn theme_settings.default_image_product)}}\"\r\n                             alt=\"{{product.main_image.alt}}\" title=\"{{product.main_image.alt}}\" data-main-image>\r\n                    </a>\r\n\r\n                </figure>\r\n\r\n                <div class=\"zoom-help\">{{lang 'halothemes.zoom_helper'}} <i class=\"fa fa-search-plus fa-flip-horizontal\"></i></div>\r\n\r\n                <div class=\"productView-thumbnails owl-carousel\" data-owl='{\r\n                    \"items\": 5,\r\n                    \"nav\": true,\r\n                    \"margin\": 20,\r\n                    \"dots\": false,\r\n                    \"slideBy\": 5,\r\n                    \"responsive\": {\r\n                       \"0\": {\r\n                          \"items\": 3,\r\n                          \"slideBy\": 3\r\n                       },\r\n                       \"321\": {\r\n                          \"items\": 4,\r\n                          \"slideBy\": 4\r\n                       },\r\n                       \"480\": {\r\n                          \"items\": 5,\r\n                          \"slideBy\": 5\r\n                       },\r\n                       \"768\": {\r\n                          \"items\": 3,\r\n                          \"slideBy\": 3\r\n                       },\r\n                       \"992\": {\r\n                          \"items\": 4,\r\n                          \"slideBy\": 4\r\n                       },\r\n                       \"1200\": {\r\n                          \"items\": 5,\r\n                          \"slideBy\": 5\r\n                       }\r\n                    },\r\n                    \"responsiveRefreshRate\": 0\r\n                 }'>\r\n                    {{#each product.images}}\r\n                        <div class=\"productView-thumbnail\">\r\n                            <a\r\n                                class=\"productView-thumbnail-link\"\r\n                                href=\"{{getImage this 'product_size' (cdn ../theme_settings.default_image_product)}}\"\r\n                                data-image-gallery-item\r\n                                data-image-gallery-new-image-url=\"{{getImage this 'product_size' (cdn ../theme_settings.default_image_product)}}\"\r\n                                data-image-gallery-zoom-image-url=\"{{getImage this 'zoom_size' (cdn ../theme_settings.default_image_product)}}\">\r\n                                <img src=\"{{getImage this 'productthumb_size' (cdn ../theme_settings.default_image_product)}}\" alt=\"{{this.alt}}\" title=\"{{this.alt}}\">\r\n                            </a>\r\n                        </div>\r\n                    {{/each}}\r\n                    {{#if product.videos.list.length}}\r\n                        {{#each product.videos.list}}\r\n                            <div class=\"productView-thumbnail\">\r\n                                <a href=\"//www.youtube.com/watch?v={{id}}\" target=\"_blank\" class=\"video-thumbnail {{#if @first}}is-active{{/if}}\" data-video-item data-video-id=\"{{id}}\" title=\"{{title_long}}\">\r\n                                    <img src=\"//i.ytimg.com/vi/{{id}}/default.jpg\"/>\r\n                                </a>\r\n                            </div>\r\n                        {{/each}}\r\n                    {{/if}}\r\n                </div>\r\n            </section>\r\n\r\n            <section class=\"productView-details col-sm-6\">\r\n                <div class=\"productView-product\">\r\n                    <h1 class=\"productView-title\" {{#if schema}}itemprop=\"name\"{{/if}} data-product-view-url=\"{{product.url}}\">{{product.title}}</h1>\r\n                    <div class=\"productView-rating\"{{#if schema}} itemprop=\"aggregateRating\" itemscope itemtype=\"http://schema.org/AggregateRating\"{{/if}}>\r\n                        {{#if settings.show_product_rating}}\r\n                            {{#if product.num_reviews '>' 0}}\r\n                                {{#if schema}}\r\n                                    <meta itemprop=\"ratingValue\" content=\"{{product.rating}}\">\r\n                                    <meta itemprop=\"ratingCount\" content=\"{{product.num_reviews}}\">\r\n                                    <meta itemprop=\"reviewCount\" content=\"{{product.num_reviews}}\">\r\n                                {{/if}}\r\n                            {{/if}}\r\n                            {{> components/products/ratings rating=product.rating}}\r\n                            <span class=\"productView-reviewLink reviewLinkCount\">\r\n                                {{#if product.num_reviews '>' 0}}\r\n                                    <a href=\"{{product.url}}#product-reviews\">\r\n                                        {{lang 'products.reviews.link_to_review' total=product.num_reviews}}\r\n                                    </a>\r\n                                {{else}}\r\n                                    {{lang 'products.reviews.link_to_review' total=product.num_reviews}}\r\n                                {{/if}}\r\n                            </span>\r\n                        {{/if}}\r\n                        {{#if settings.show_product_reviews}}\r\n                            <span class=\"productView-reviewLink\">\r\n                                <a href=\"{{product.url}}{{#if is_ajax}}#writeReview{{/if}}\"\r\n                                   {{#unless is_ajax }}data-reveal-id=\"modal-review-form\"{{/unless}}>\r\n                                   {{lang 'products.reviews.new'}}\r\n                                </a>\r\n                            </span>\r\n                            {{> components/products/modals/writeReview}}\r\n                        {{/if}}\r\n                    </div>\r\n                    {{#if product.call_for_price}}\r\n                        <p class=\"productView-price\">\r\n                            <span>{{product.call_for_price}}</span>\r\n                        </p>\r\n                    {{/if}}\r\n                    {{#if product.price}}\r\n                        <div class=\"productView-price\">\r\n                            {{#or customer (if theme_settings.restrict_to_login '!==' true)}}\r\n                                {{> components/products/price price=product.price schema_org=schema}}\r\n                            {{else}}\r\n                                {{> components/common/login-for-pricing}}\r\n                            {{/or}}\r\n                        </div>\r\n                    {{/if}}\r\n\r\n                {{product.detail_messages}}\r\n                    <dl class=\"productView-info\">\r\n                        {{#if product.sku}}\r\n                            <dt class=\"productView-info-name\">{{lang 'products.sku'}}</dt>\r\n                            <dd class=\"productView-info-value\" data-product-sku>{{product.sku}}</dd>\r\n                        {{/if}}\r\n                        <br/>\r\n                        {{#if product.shipping}}\r\n                            {{#if product.shipping.calculated}}\r\n                                <dt class=\"productView-info-name\">{{lang 'products.shipping'}}</dt>\r\n                                <dd class=\"productView-info-value\">{{lang 'products.shipping_calculated'}}</dd>\r\n                            {{else}}\r\n                                {{#if product.shipping.price.value '===' 0}}\r\n                                    <dt class=\"productView-info-name\">{{lang 'products.shipping'}}</dt>\r\n                                    <dd class=\"productView-info-value\">{{lang 'products.shipping_free'}}</dd>\r\n                                {{else}}\r\n                                    <dt class=\"productView-info-name\">{{lang 'products.shipping'}}</dt>\r\n                                    <dd class=\"productView-info-value\">{{lang 'products.shipping_fixed' amount=product.shipping.price.formatted}}</dd>\r\n                                {{/if}}\r\n                            {{/if}}\r\n                        {{/if}}\r\n                        {{#if product.bulk_discount_rates.length}}\r\n                            <dt class=\"productView-info-name\">{{lang 'products.bulk_pricing.title'}}</dt>\r\n                            <dd class=\"productView-info-value\">\r\n                                <a href=\"{{product.url}}\"\r\n                                    {{#unless is_ajax }}data-reveal-id=\"bulkPricingModal\" {{/unless}}>\r\n                                    {{lang 'products.bulk_pricing.view'}}\r\n                                </a>\r\n                            </dd>\r\n\r\n                            <div id=\"bulkPricingModal\" class=\"modal modal--small\" data-reveal>\r\n                                <div class=\"modal-header\">\r\n                                    <h2 class=\"modal-header-title\">{{lang 'products.bulk_pricing.modal_title'}}</h2>\r\n                                    <a href=\"#\" class=\"modal-close\" aria-label=\"Close\"><span aria-hidden=\"true\">&#215;</span></a>\r\n                                </div>\r\n                                <div class=\"modal-body\">\r\n                                    <p>{{lang 'products.bulk_pricing.instructions'}}</p>\r\n                                    <ul>\r\n                                    {{#each product.bulk_discount_rates}}\r\n                                        <li>\r\n                                            {{lang 'products.bulk_pricing.range' min=min max=max}}\r\n                                            {{#if type '===' 'percent'}}\r\n                                                {{lang 'products.bulk_pricing.percent' discount=discount.formatted}}\r\n                                            {{/if}}\r\n                                            {{#if type '===' 'fixed'}}\r\n                                                {{lang 'products.bulk_pricing.fixed' discount=discount.formatted}}\r\n                                            {{/if}}\r\n                                            {{#if type '===' 'price'}}\r\n                                                {{lang 'products.bulk_pricing.price' discount=discount.formatted}}\r\n                                            {{/if}}\r\n                                        </li>\r\n                                    {{/each}}\r\n                                    </ul>\r\n                                </div>\r\n                            </div>\r\n                        {{/if}}\r\n\r\n                    </dl>\r\n                <p><span style=\"text-align:center;font-size: 14.5px;\" id=\"delivery-date\"></span><span style=\"font-size:11.5px;\"> <a href=\"/shipping-returns/\"><em>(exluding samples)</em></a></span></p>\r\n                <p><strong>In stock</strong>, ready to ship <i style=\"color:#00B774;\" class=\"fa fa-check\" aria-hidden=\"true\"></i></p>\r\n\r\n                <div class=\"productView-summary\">\r\n                        {{summary}}\r\n                    </div>\r\n                </div>\r\n\r\n                <div class=\"productView-options\">\r\n                    {{#if product.release_date }}\r\n                        <p>{{product.release_date}}</p>\r\n                    {{/if}}\r\n\r\n                    <form class=\"form\" method=\"post\" action=\"{{product.cart_url}}\" enctype=\"multipart/form-data\"\r\n                          data-cart-item-add>\r\n                        <input type=\"hidden\" name=\"action\" value=\"add\">\r\n                        <input type=\"hidden\" name=\"product_id\" value=\"{{product.id}}\"/>\r\n\r\n\r\n                            {{#each product.customizations}}\r\n                                {{{dynamicComponent 'components/products/customizations'}}}\r\n                            {{/each}}\r\n                        <div data-product-option-change style=\"display:none;\">\r\n\r\n                            <!-- BEGIN HaloThemes Size Chart -->\r\n                            {{>components/products/modals/sizeChart}}\r\n                            <!-- END HaloThemes Size Chart -->\r\n\r\n                            {{#each product.options}}\r\n                                {{{dynamicComponent 'components/products/options'}}}\r\n                            {{/each}}\r\n\r\n                        </div>\r\n\r\n                        {{#if product.event_date}}\r\n                            {{> components/products/event-date}}\r\n                        {{/if}}\r\n\r\n                        <div class=\"form-field form-field--stock{{#unless product.stock_level}} u-hiddenVisually{{/unless}}\">\r\n                            <label class=\"form-label form-label--alternate\">\r\n                                {{lang 'products.current_stock'}}\r\n                                <span data-product-stock>{{product.stock_level}}</span>\r\n                            </label>\r\n\r\n                        </div>\r\n\r\n                        {{#if product.can_purchase}}\r\n                            {{> components/products/add-to-cart}}\r\n                        {{/if}}\r\n                        {{#if product.out_of_stock}}\r\n                            {{#if product.out_of_stock_message}}\r\n                                {{>components/common/alert-error product.out_of_stock_message}}\r\n                            {{else}}\r\n                                {{>components/common/alert-error (lang 'products.sold_out')}}\r\n                            {{/if}}\r\n                        {{/if}}\r\n\r\n                    </form>\r\n\r\n                    <p>\r\n                        <span style=\"style=line-height: 35px\"><strong>Subscribe & Save up to 5%</strong></span><br/>Call us at <a href=\"tel:+18558551666\">855-855-1666</a> and we'll get you started.<br/><em>No commitments. Cancel anytime.</em><a href=\"/subscribe-and-save/\" title=\"subscribe to autoship of adult diaper and incontience products\"> Learn More</a>\r\n                    </p>\r\n\r\n                    {{#if settings.show_wishlist}}\r\n                        <form class=\"form\" method=\"post\" action=\"{{product.add_to_wishlist_url}}\" data-wishlist-add>\r\n                            <input type=\"hidden\" name=\"variation_id\" value=\"\">\r\n                            <button class=\"button\" type=\"submit\">\r\n                                <i class=\"fa fa-heart-o\"></i>\r\n                                <span>{{lang 'account.wishlists.add_item'}}</span>\r\n                            </button>\r\n                        </form>\r\n                    {{/if}}\r\n                </div>\r\n\r\n                {{!-- >components/common/share --}}\r\n                {{{snippet 'product_details'}}}\r\n            </section>\r\n        </div>\r\n    </div>\r\n\r\n\r\n</div>\r\n\r\n<div id=\"previewModal\" class=\"modal modal--large\" data-reveal>\r\n    <a href=\"#\" class=\"modal-close\" aria-label=\"{{lang 'common.close'}}\" role=\"button\">\r\n        <span aria-hidden=\"true\">&#215;</span>\r\n    </a>\r\n    <div class=\"modal-content\"></div>\r\n    <div class=\"loadingOverlay\"></div>\r\n</div>\r\n\r\n<script>\r\n    if (new Date().getHours() < 13) {\r\n        var str = 'Want it <b>#{firstDate}</b> - <b>#{secondDate}</b>? Choose <strong>Expedited Shipping</strong> at checkout.';\r\n    } else {\r\n        var str = 'Want it <b>#{firstDate}</b> - <b>#{secondDate}</b>? Choose <strong>Expedited Shipping</strong> at checkout.';\r\n    }\r\n\r\n    function turnAroundDate(startDate, daysToAdd) {\r\n        var endDate = \"\", count = 0;\r\n        while (count < daysToAdd){\r\n            // add a day to endDate until \"days added\" equals \"days to add\"\r\n            endDate = new Date(startDate.setDate(startDate.getDate() + 1));\r\n            // if endDate is not Sunday or Saturday\r\n            if (endDate.getDay() != 0 && endDate.getDay() != 6) {\r\n                // add a day to \"days added\"\r\n                count++;\r\n            }\r\n        }\r\n        return endDate;\r\n    }\r\n\r\n    function formatDate(date) {\r\n        var dayOfWeek = [ 'Sunday', 'Monday', 'Tuesday', 'Wednesday', 'Thursday', 'Friday','Saturday' ][date.getDay()];\r\n        var month = [ \"January\", \"February\", \"March\", \"April\", \"May\", \"June\",\"July\", \"August\", \"September\", \"October\", \"November\",\"December\" ][date.getMonth()];\r\n\r\n        return dayOfWeek + ', ' + month + ' ' + date.getDate();\r\n    }\r\n\r\n    function formatString(firstDate, secondDate) {\r\n        return str.replace('#{firstDate}', formatDate(firstDate))\r\n                .replace('#{secondDate}', formatDate(secondDate));\r\n    }\r\n\r\n    if (new Date().getDay() != 0 && new Date().getDay() != 6) {\r\n        var time = new Date().getHours() < 13 ? 0 : 1;\r\n        var start = 1 + time\r\n        var end = 2 + time\r\n    } else {\r\n        var start = 2\r\n        var end = 3\r\n    }\r\n\r\n\r\n    var firstDate = turnAroundDate(new Date(), start);\r\n    var secondDate = turnAroundDate(new Date(), end);\r\n\r\n    document.getElementById('delivery-date').innerHTML = formatString(firstDate, secondDate);\r\n</script>\r\n","components/common/alert-success":"<div class=\"alert alert-success\">\r\n    <div class=\"alertBox-column alertBox-icon\">\r\n        <icon glyph=\"ic-success\" class=\"icon\" aria-hidden=\"true\"><svg xmlns=\"http://www.w3.org/2000/svg\" width=\"24\" height=\"24\" viewBox=\"0 0 24 24\"><path d=\"M12 2C6.48 2 2 6.48 2 12s4.48 10 10 10 10-4.48 10-10S17.52 2 12 2zm1 15h-2v-2h2v2zm0-4h-2V7h2v6z\"></path></svg></icon>\r\n    </div>\r\n    <p class=\"alertBox-column alertBox-message\">\r\n        <span>{{{this}}}</span>\r\n    </p>\r\n</div>\r\n","components/common/alert-error":"<div class=\"alert alert-danger\">\r\n    <div class=\"alertBox-column alertBox-icon\">\r\n        <icon glyph=\"ic-error\" class=\"icon\" aria-hidden=\"true\"><svg xmlns=\"http://www.w3.org/2000/svg\" width=\"24\" height=\"24\" viewBox=\"0 0 24 24\"><path d=\"M12 2C6.48 2 2 6.48 2 12s4.48 10 10 10 10-4.48 10-10S17.52 2 12 2zm1 15h-2v-2h2v2zm0-4h-2V7h2v6z\"></path></svg></icon>\r\n    </div>\r\n    <p class=\"alertBox-column alertBox-message\">\r\n        <span>{{{this}}}</span>\r\n    </p>\r\n</div>\r\n","components/products/ratings":"{{#for 1 5}}\r\n    {{#if ../this.rating '>=' $index}}\r\n        <i class=\"fa fa-star color\"></i>\r\n    {{else}}\r\n        <i class=\"fa fa-star\"></i>\r\n    {{/if}}\r\n{{/for}}\r\n{{{snippet 'product_rating'}}}\r\n","components/common/login-for-pricing":"<p translate>Log in for pricing</p>","components/products/event-date":"<div class=\"form-field\">\n    <label class=\"form-label form-label--alternate form-label--inlineSmall\">\n    {{product.event_date.name}}:\n    <small>{{lang 'common.required'}}</small>\n    </label>\n    <select class=\"form-select form-select--date\" name=\"EventDate[Mth]\" required>\n        <option value=\"\">{{lang 'common.month'}}</option>\n        {{#enumerate 1 12}}\n            <option value=\"{{this}}\">{{getShortMonth this}}</option>\n        {{/enumerate}}\n    </select>\n    <select class=\"form-select form-select--date\" name=\"EventDate[Day]\" required>\n        <option value=\"\">{{lang 'common.day'}}</option>\n        {{#enumerate 1 31}}\n            <option value=\"{{this}}\">{{this}}</option>\n        {{/enumerate}}\n    </select>\n    <select class=\"form-select form-select--date\" name=\"EventDate[Yr]\" required>\n        <option value=\"\">{{lang 'common.year'}}</option>\n        {{#enumerate product.event_date.earliest_year product.event_date.latest_year}}\n            <option value=\"{{this}}\" >{{this}}</option>\n        {{/enumerate}}\n    </select>\n</div>\n","components/products/modals/writeReview":"<div id=\"modal-review-form\" class=\"modal\" data-reveal>\r\n    <div class=\"modal-header\">\r\n        <h2 class=\"modal-header-title\">{{lang 'products.reviews.write_a_review'}}</h2>\r\n        <a href=\"#\" class=\"modal-close\" aria-label=\"{{lang 'common.close'}}\" role=\"button\">\r\n            <span aria-hidden=\"true\">&#215;</span>\r\n        </a>\r\n    </div>\r\n    <div class=\"modal-body\">\r\n        <div class=\"writeReview-productDetails\">\r\n            <img src=\"{{getImage product.main_image 'product_size' (cdn theme_settings.default_image_product)}}\">\r\n            <h6 class=\"product-brand\">{{ product.brand.name }}</h6>\r\n            <h5 class=\"product-title\">{{ product.title }}</h5>\r\n        </div>\r\n        <form class=\"form writeReview-form\" action=\"{{ urls.product.post_review }}\" method=\"post\">\r\n            <fieldset class=\"form-fieldset\">\r\n                <div class=\"form-field\">\r\n                    <label class=\"form-label\" for=\"rating-rate\">{{lang 'products.reviews.rating_label'}}\r\n                        <small>{{lang 'common.required' }}</small>\r\n                    </label>\r\n                    <!-- Stars -->\r\n                    <!-- TODO: Review Stars need to be componentised, both for display and input -->\r\n                    <select id=\"rating-rate\" class=\"form-select\" name=\"revrating\">\r\n                        <option value=\"\">{{lang 'products.reviews.select_rating'}}</option>\r\n                        {{#for 1 5}}\r\n                            <option value=\"{{$index}}\">{{lang (concat 'products.reviews.rating.' $index) }}</option>\r\n                        {{/for}}\r\n                    </select>\r\n                </div>\r\n\r\n                <!-- Name -->\r\n                {{> components/common/forms/text name=\"revfromname\" label=(lang 'products.reviews.form_write.name') value=customer.name}}\r\n\r\n                {{#if product.reviews.show_review_email}}\r\n                    <!-- Email -->\r\n                    {{> components/common/forms/text name=\"email\" required=\"false\" label=(lang 'products.reviews.form_write.email') value=customer.email}}\r\n                {{/if}}\r\n\r\n                <!-- Review Subject -->\r\n                {{> components/common/forms/text name=\"revtitle\" required=\"true\" label=(lang 'products.reviews.form_write.subject')}}\r\n\r\n                <!-- Comments -->\r\n                {{> components/common/forms/multiline name=\"revtext\" required=\"true\" label=(lang 'products.reviews.form_write.comments')}}\r\n\r\n                {{{product.reviews.recaptcha.markup}}}\r\n\r\n                <div class=\"form-field\">\r\n                    <input type=\"submit\" class=\"btn btn-primary\"\r\n                           value=\"{{lang 'products.reviews.form_write.submit_value' }}\">\r\n                </div>\r\n                <input type=\"hidden\" name=\"product_id\" value=\"{{ product.id }}\">\r\n                <input type=\"hidden\" name=\"action\" value=\"post_review\">\r\n                {{#if product.reviews.throttleToken}}<input type=\"hidden\" name=\"throttleToken\" value=\"{{product.reviews.throttleToken}}\">{{/if}}\r\n            </fieldset>\r\n        </form>\r\n    </div>\r\n</div>\r\n","components/products/add-to-cart":"<div class=\"alertBox productAttributes-message\" style=\"display:none\">\n  <div class=\"alertBox-column alertBox-icon\">\n      <icon glyph=\"ic-success\" class=\"icon\" aria-hidden=\"true\"><svg xmlns=\"http://www.w3.org/2000/svg\" width=\"24\" height=\"24\" viewBox=\"0 0 24 24\"><path d=\"M12 2C6.48 2 2 6.48 2 12s4.48 10 10 10 10-4.48 10-10S17.52 2 12 2zm1 15h-2v-2h2v2zm0-4h-2V7h2v6z\"></path></svg></icon>\n  </div>\n  <p class=\"alertBox-column alertBox-message\"></p>\n</div>\n\n<div class=\"qty-add-wrap\">\n  <div class=\"form-field form-field--increments\">\n      <label class=\"form-label form-label--alternate\"\n             for=\"qty[]\">{{lang 'products.quantity'}}</label>\n\n      <div class=\"form-increment\" data-quantity-change>\n          <button class=\"button button--icon\" data-action=\"dec\">\n              <span class=\"is-srOnly\">{{lang 'products.quantity_decrease'}}</span>\n              <i class=\"fa fa-angle-down\"></i>\n          </button>\n          <input class=\"form-input form-input--incrementTotal\"\n                 id=\"qty[]\"\n                 name=\"qty[]\"\n                 type=\"tel\"\n                 value=\"{{#if product.min_purchase_quantity}}{{product.min_purchase_quantity}}{{else}}1{{/if}}\"\n                 data-quantity-min=\"{{product.min_purchase_quantity}}\"\n                 data-quantity-max=\"{{product.max_purchase_quantity}}\"\n                 min=\"1\"\n                 pattern=\"[0-9]*\"\n                 aria-live=\"polite\">\n          <button class=\"button button--icon\" data-action=\"inc\">\n              <span class=\"is-srOnly\">{{lang 'products.quantity_increase'}}</span>\n              <i class=\"fa fa-angle-up\"></i>\n          </button>\n      </div>\n  </div>\n\n</div>\n<div class=\"qty-add-wrap\">\n    {{#or customer (if theme_settings.restrict_to_login '!==' true)}}\n    <input id=\"form-action-addToCart\" data-wait-message=\"{{lang 'products.adding_to_cart'}}\" class=\"btn btn-checkout\" type=\"submit\" value=\"{{#if product.pre_order}}{{lang 'products.pre_order'}}{{else}}{{lang 'products.add_to_cart'}}{{/if}}\">\n\n    {{{snippet 'product_addtocart'}}}\n    {{/or}}\n</div>\n\n","components/products/modals/sizeChart":"<a href=\"javascript:void(0);\" data-reveal-id=\"modal-size-chart-form\" class=\"hide\">Size Chart</a>\r\n<div id=\"modal-size-chart-form\" class=\"modal\" data-reveal>\r\n    <a href=\"#\" class=\"modal-close\" aria-label=\"{{lang 'common.close'}}\" role=\"button\">\r\n        <span aria-hidden=\"true\">&#215;</span>\r\n    </a>\r\n    <div class=\"modal-body\" style=\"padding: 0;\">\r\n        <div class=\"text-center\">\r\n            <img src=\"/product_images/uploaded_images/size-chart.jpg\" alt=\"\">\r\n        </div>\r\n    </div>\r\n</div>\r\n","components/products/price":"{{#or has_options product.options.length}}\r\n    {{#if price.with_tax}}\r\n        <div class=\"price-section price-section--withTax\" {{#if schema_org}}itemprop=\"offers\" itemscope itemtype=\"http://schema.org/Offer\"{{/if}}>\r\n            {{#if price.rrp_with_tax}}\r\n                <span data-product-rrp-with-tax class=\"price price--rrp\">{{price.rrp_with_tax.formatted}}</span>\r\n            {{/if}}\r\n            {{#if page_type '!==' 'product'}}\r\n                {{#if theme_settings.price_as_low_as}}\r\n                    <span translate>As low as </span>\r\n                {{/if}}\r\n            {{/if}}\r\n            <span data-product-price-with-tax class=\"price\">{{price.with_tax.formatted}}</span>\r\n            {{#if price.without_tax}}\r\n                {{lang 'products.price_with_tax' tax_label=price.tax_label}}\r\n            {{/if}}\r\n        </div>\r\n    {{/if}}\r\n    {{#if price.without_tax}}\r\n        <div class=\"price-section price-section--withoutTax {{#if price.with_tax}}price-section--minor{{/if}}\"  {{#if schema_org}}itemprop=\"offers\" itemscope itemtype=\"http://schema.org/Offer\"{{/if}}>\r\n            {{#if price.rrp_without_tax}}\r\n                <span data-product-rrp-without-tax class=\"price price--rrp\">{{price.rrp_without_tax.formatted}}</span>\r\n            {{/if}}\r\n            {{#if schema_org}}\r\n                <meta itemprop=\"price\" content=\"{{price.without_tax.value}}\">\r\n                <meta itemprop=\"priceCurrency\" content=\"{{currency_selector.active_currency_code}}\">\r\n                <meta itemprop=\"availability\" content=\"{{product.availability}}\">\r\n                <meta itemprop=\"itemCondition\" itemtype=\"http://schema.org/OfferItemCondition\" content=\"http://schema.org/{{product.condition}}Condition\">\r\n            {{/if}}\r\n            {{#if page_type '!==' 'product'}}\r\n                {{#if theme_settings.price_as_low_as}}\r\n                    <span translate>As low as </span>\r\n                {{/if}}\r\n            {{/if}}\r\n            <span data-product-price-without-tax class=\"price price--withoutTax\">{{price.without_tax.formatted}}</span>\r\n            {{#if price.with_tax}}\r\n                <abbr title=\"{{lang 'products.excluding_tax'}}\">{{lang 'products.price_without_tax' tax_label=price.tax_label}}</abbr>\r\n            {{/if}}\r\n        </div>\r\n    {{/if}}\r\n    {{#if page_type '===' 'product'}}\r\n        {{#if price.saved}}\r\n            <div class=\"price-section price-section--saving\">\r\n                <span class=\"price\">\r\n                    {{lang 'products.you_save' amount=price.saved.formatted}}\r\n                </span>\r\n            </div>\r\n        {{/if}}\r\n    {{/if}}\r\n{{else}}\r\n    {{#if price.with_tax}}\r\n        <div class=\"price-section price-section--withTax\" {{#if schema_org}}itemprop=\"offers\" itemscope itemtype=\"http://schema.org/Offer\"{{/if}}>\r\n            {{#if price.rrp_with_tax}}\r\n                <span data-product-rrp-with-tax class=\"price price--rrp\">{{price.rrp_with_tax.formatted}}</span>\r\n            {{/if}}\r\n            <span data-product-price-with-tax class=\"price\">{{price.with_tax.formatted}}</span>\r\n            {{#if price.without_tax}}\r\n                {{lang 'products.price_with_tax' tax_label=price.tax_label}}\r\n            {{/if}}\r\n        </div>\r\n    {{/if}}\r\n    {{#if price.without_tax}}\r\n        <div class=\"price-section price-section--withoutTax {{#if price.with_tax}}price-section--minor{{/if}}\"  {{#if schema_org}}itemprop=\"offers\" itemscope itemtype=\"http://schema.org/Offer\"{{/if}}>\r\n            {{#if price.rrp_without_tax}}\r\n                <span data-product-rrp-without-tax class=\"price price--rrp\">{{price.rrp_without_tax.formatted}}</span>\r\n            {{/if}}\r\n            {{#if schema_org}}\r\n                <meta itemprop=\"price\" content=\"{{price.without_tax.value}}\">\r\n                <meta itemprop=\"priceCurrency\" content=\"{{currency_selector.active_currency_code}}\">\r\n            {{/if}}\r\n            <span data-product-price-without-tax class=\"price price--withoutTax\">{{price.without_tax.formatted}}</span>\r\n            {{#if price.with_tax}}\r\n                <abbr title=\"{{lang 'products.excluding_tax'}}\">{{lang 'products.price_without_tax' tax_label=price.tax_label}}</abbr>\r\n            {{/if}}\r\n        </div>\r\n    {{/if}}\r\n    {{#if page_type '===' 'product'}}\r\n        {{#if price.saved}}\r\n            <div class=\"price-section price-section--saving\">\r\n                <span class=\"price\">\r\n                    {{lang 'products.you_save' amount=price.saved.formatted}}\r\n                </span>\r\n            </div>\r\n        {{/if}}\r\n    {{/if}}\r\n{{/or}}","components/products/customizations/file":"<div class=\"form-field\">\r\n    <label class=\"form-label form-label--alternate form-label--inlineSmall\" for=\"customization_{{this.id}}_{{../id}}\">\r\n        {{ this.display_name }}:\r\n        {{#if required}}\r\n            <small>{{lang 'common.required'}}</small>\r\n        {{/if}}\r\n    </label>\r\n    <input class=\"form-file\" type=\"file\" id=\"customization_{{this.id}}_{{../id}}\" {{#if required}}required {{/if}}name=\"ProductFields[{{this.id}}]\">\r\n    {{#if original_name}}\r\n        {{{lang 'products.file_option_set' url=file_url name=original_name}}}\r\n    {{/if}}\r\n    <p class=\"form-fileDescription\">{{#if file_size}}{{lang 'products.max_filesize'}} <strong>{{file_size}}</strong>, {{/if}}{{#if file_types}}{{lang 'products.filetypes'}} <strong>{{file_types}}</strong>{{/if}}</p>\r\n</div>\r\n","components/products/customizations/checkbox":"<div class=\"form-field\">\r\n    <input class=\"form-checkbox\" type=\"checkbox\" id=\"customization_{{this.id}}_{{../id}}\" {{#if required}}required {{/if}}name=\"ProductFields[{{this.id}}]\" {{#if value}}checked{{/if}}>\r\n    <label class=\"form-label form-label--alternate form-label--inlineSmall\" for=\"customization_{{this.id}}_{{../id}}\">\r\n        {{ this.display_name }}\r\n        {{#if required}}\r\n            <small>{{lang 'common.required'}}</small>\r\n        {{/if}}\r\n    </label>\r\n</div>\r\n","components/products/customizations/select":"<div class=\"form-field\">\r\n    <label class=\"form-label form-label--alternate form-label--inlineSmall\" for=\"customization_{{id}}_{{../id}}\">\r\n        {{ display_name }}:\r\n        {{#if required}}\r\n            <small>{{lang 'common.required'}}</small>\r\n        {{/if}}\r\n    </label>\r\n    <select class=\"form-select form-select--small\" name=\"ProductFields[{{id}}]\" id=\"customization_{{id}}_{{../id}}\"{{#if required}} required{{/if}}>\r\n        <option value=\"\">{{lang 'products.choose_an_option'}}</option>\r\n        {{#each values}}\r\n            <option value=\"{{this}}\" {{#if ../value '===' this}}selected{{/if}}>{{this}}</option>\r\n        {{/each}}\r\n    </select>\r\n</div>\r\n","components/products/customizations/text":"<div class=\"form-field\">\r\n    <label class=\"form-label form-label--alternate form-label--inlineSmall\" for=\"customization_{{id}}_{{../id}}\">\r\n        {{ display_name }}:\r\n        {{#if required}}\r\n            <small>{{lang 'common.required'}}</small>\r\n        {{/if}}\r\n    </label>\r\n    <input class=\"form-input form-input--small\" type=\"text\" id=\"customization_{{id}}_{{../id}}\" {{#if required}}required {{/if}}name=\"ProductFields[{{id}}]\" value=\"{{value}}\">\r\n</div>\r\n","components/products/customizations/textarea":"<div class=\"form-field\">\r\n    <label class=\"form-label form-label--alternate form-label--inlineSmall\" for=\"customization_{{id}}_{{../id}}\">\r\n        {{display_name}}:\r\n        {{#if required}}\r\n            <small>{{lang 'common.required'}}</small>\r\n        {{/if}}\r\n    </label>\r\n    <textarea class=\"form-input\" id=\"customization_{{id}}_{{../id}}\" {{#if required}}required {{/if}}name=\"ProductFields[{{id}}]\">{{value}}</textarea>\r\n</div>\r\n","components/products/options/date":"<div class=\"form-field\" data-product-attribute=\"date\">\r\n    <label class=\"form-label form-label--alternate form-label--inlineSmall\" {{#if style}}style=\"{{style}}\" {{/if}}>\r\n        {{this.display_name}}:\r\n\r\n        {{#if required}}\r\n            <small>{{lang 'common.required'}}</small>\r\n        {{/if}}\r\n    </label>\r\n    <select class=\"form-select form-select--date\" name=\"attribute[{{this.id}}][month]\" {{#if required}}required{{/if}}>\r\n        <option value=\"\">{{lang 'common.month'}}</option>\r\n        {{#for 1 12}}\r\n            <option value=\"{{$index}}\" {{#if ../selected_date.month '==' $index}}selected=\"selected\"{{/if}}>\r\n                {{lang (concat 'common.short_months.' $index)}}\r\n            </option>\r\n        {{/for}}\r\n    </select>\r\n    <select class=\"form-select form-select--date\" name=\"attribute[{{this.id}}][day]\" {{#if required}}required{{/if}}>\r\n        <option value=\"\">{{lang 'common.day'}}</option>\r\n        {{#for 1 31}}\r\n            <option value=\"{{$index}}\" {{#if ../selected_date.day '==' $index}}selected=\"selected\"{{/if}}>\r\n                {{$index}}\r\n            </option>\r\n        {{/for}}\r\n    </select>\r\n    <select class=\"form-select form-select--date\" name=\"attribute[{{this.id}}][year]\" {{#if required}}required{{/if}}>\r\n        <option value=\"\">{{lang 'common.year'}}</option>\r\n        {{#for earliest_year latest_year}}\r\n            <option value=\"{{$index}}\" {{#if ../selected_date.year '==' $index}}selected=\"selected\"{{/if}}>\r\n                {{$index}}\r\n            </option>\r\n        {{/for}}\r\n    </select>\r\n</div>\r\n","components/products/options/input-checkbox":"<div class=\"form-field\" data-product-attribute=\"input-checkbox\">\r\n    <label class=\"form-label form-label--alternate form-label--inlineSmall\">\r\n        {{display_name}}:\r\n\r\n        {{#if required}}\r\n            <small>{{lang 'common.required'}}</small>\r\n        {{/if}}\r\n    </label>\r\n\r\n    <input \r\n        class=\"form-checkbox\"\r\n        type=\"checkbox\"\r\n        name=\"attribute[{{id}}]\"\r\n        id=\"attribute-{{id}}\"\r\n        value=\"{{value}}\"\r\n        {{#if checked}}checked{{/if}}\r\n        {{#if required}}required{{/if}}>\r\n\r\n    <label class=\"form-label {{class}}\" for=\"attribute-{{id}}\">{{label}}</label>\r\n</div>\r\n","components/products/options/input-file":"<div class=\"form-field\" data-product-attribute=\"input-file\">\r\n    <label class=\"form-label form-label--alternate form-label--inlineSmall\" for=\"attribute_{{id}}\">\r\n        {{ this.display_name }}:\r\n\r\n        {{#if required}}\r\n            <small>{{lang 'common.required'}}</small>\r\n        {{/if}}\r\n    </label>\r\n\r\n    <input class=\"form-file\" type=\"file\" id=\"attribute_{{id}}\" name=\"attribute[{{this.id}}]\" {{#if required}}required{{/if}}>\r\n    {{#if original_name}}\r\n        {{{lang 'products.file_option_set' url=file_url name=original_name}}}\r\n        <label>{{lang 'cart.remove_file'}}<input type=\"checkbox\" name=\"{{file_remove}}\"></label>\r\n    {{/if}}\r\n    <p class=\"form-fileDescription\">{{#if file_size}}{{lang 'products.max_filesize'}} <strong>{{file_size}}</strong>, {{/if}}{{#if file_types}}{{lang 'products.filetypes'}} <strong>{{file_types}}</strong>{{/if}}</p>\r\n\r\n</div>\r\n","components/products/options/input-numbers":"<div class=\"form-field\" data-product-attribute=\"input-number\">\r\n    <label class=\"form-label form-label--alternate form-label--inlineSmall\" for=\"attribute_{{id}}\">\r\n        {{ this.display_name }}:\r\n\r\n        {{#if required}}\r\n            <small>{{lang 'common.required'}}</small>\r\n        {{/if}}\r\n    </label>\r\n\r\n    <input class=\"form-input\" type=\"number\" id=\"attribute_{{id}}\" {{#unless this.integer_only}}step=\"any\"{{/unless}} name=\"attribute[{{this.id}}]\" value=\"{{this.prefill}}\" {{#if required}}required{{/if}}>\r\n</div>\r\n","components/products/options/input-text":"<div class=\"form-field\" data-product-attribute=\"input-text\">\r\n    <label class=\"form-label form-label--alternate form-label--inlineSmall\" for=\"attribute_{{id}}\">\r\n        {{ this.display_name }}:\r\n\r\n        {{#if required}}\r\n            <small>{{lang 'common.required'}}</small>\r\n        {{/if}}\r\n    </label>\r\n\r\n    <input class=\"form-input form-input--small\" type=\"text\" id=\"attribute_{{id}}\" name=\"attribute[{{this.id}}]\" value=\"{{this.prefill}}\" {{#if required}}required{{/if}}>\r\n</div>\r\n","components/products/options/product-list":"<div class=\"form-field\" data-product-attribute=\"product-list\">\r\n    <label class=\"form-label form-label--alternate form-label--inlineSmall\">\r\n        {{display_name}}:\r\n        <span data-option-value></span>\r\n\r\n        {{#if required}}\r\n            <small>{{lang 'common.required'}}</small>\r\n        {{/if}}\r\n    </label>\r\n\r\n    {{#if values.0.image}}\r\n        <ul class=\"productOptions-list\">\r\n            {{#unless required}}\r\n                <li class=\"productOptions-list-item\">\r\n                    <input class=\"form-radio\"\r\n                           type=\"radio\"\r\n                           name=\"attribute[{{id}}]\"\r\n                           value=\"0\"\r\n                           id=\"attribute_0_{{id}}\"\r\n                           {{#if defaultValue '==' 0}}checked{{/if}} required>\r\n                    <label class=\"form-label\" for=\"attribute_0_{{id}}\">{{lang 'products.none'}}</label>\r\n                </li>\r\n            {{/unless}}\r\n            {{#each values}}\r\n                <li class=\"productOptions-list-item\" data-product-attribute-value=\"{{id}}\">\r\n                    {{#if image}}\r\n                        <figure class=\"productOptions-list-item-figure\">\r\n                            <img class=\"productOptions-list-item-image\" src=\"{{getImage image 'productthumb_size'}}\" alt=\"{{image.alt}}\" title=\"{{image.alt}}\">\r\n                        </figure>\r\n                    {{/if}}\r\n                    <div class=\"productOptions-list-item-content\">\r\n                        <input\r\n                            class=\"form-radio\"\r\n                            type=\"radio\"\r\n                            name=\"attribute[{{../id}}]\"\r\n                            value=\"{{id}}\"\r\n                            id=\"attribute_{{id}}\"\r\n                            {{#if selected}}checked{{/if}}\r\n                            {{#if ../required}}required{{/if}}>\r\n                        <label data-product-attribute-value=\"{{id}}\" class=\"form-label\" for=\"attribute_{{id}}\">{{label}}</label>\r\n                    </div>\r\n                </li>\r\n            {{/each}}\r\n        </ul>\r\n    {{else}}\r\n        <input class=\"form-radio\"\r\n               type=\"radio\"\r\n               name=\"attribute[{{id}}]\"\r\n               value=\"0\"\r\n               id=\"attribute_0_{{id}}\"\r\n               {{#if defaultValue '==' 0}}checked{{/if}}\r\n               {{#if required}}required{{/if}}>\r\n        <label class=\"form-label\" for=\"attribute_0_{{id}}\">{{lang 'products.none'}}</label>\r\n        {{#each values}}\r\n            <input\r\n                class=\"form-radio\"\r\n                type=\"radio\"\r\n                name=\"attribute[{{../id}}]\"\r\n                value=\"{{id}}\"\r\n                id=\"attribute_{{id}}\"\r\n                {{#if selected}}checked{{/if}}\r\n                {{#if ../required}}required{{/if}}>\r\n            <label data-product-attribute-value=\"{{id}}\" class=\"form-label\" for=\"attribute_{{id}}\">{{label}}</label>\r\n        {{/each}}\r\n    {{/if}}\r\n</div>\r\n","components/products/options/set-radio":"<div class=\"form-field\" data-product-attribute=\"set-radio\">\r\n    <label class=\"form-label form-label--alternate form-label--inlineSmall\">\r\n        {{ this.display_name }}:\r\n\r\n        {{#if required}}\r\n            <small>{{lang 'common.required'}}</small>\r\n        {{/if}}\r\n    </label>\r\n\r\n    {{#each this.values}}\r\n        <input\r\n            class=\"form-radio\"\r\n            type=\"radio\"\r\n            id=\"attribute_{{id}}\"\r\n            name=\"attribute[{{../id}}]\"\r\n            value=\"{{id}}\"\r\n            {{#if selected}}checked{{/if}}\r\n            {{#if ../required}}required{{/if}}>\r\n        <label data-product-attribute-value=\"{{id}}\" class=\"form-label\" for=\"attribute_{{id}}\">{{this.label}}</label>\r\n    {{/each}}\r\n</div>\r\n","components/products/options/set-rectangle":"<div class=\"form-field\" data-product-attribute=\"set-rectangle\">\r\n    <label class=\"form-label form-label--alternate form-label--inlineSmall\">\r\n        {{this.display_name}}:\r\n        <span data-option-value></span>\r\n\r\n        {{#if required}}\r\n            <small>{{lang 'common.required'}}</small>\r\n        {{/if}}\r\n    </label>\r\n\r\n    {{#each this.values}}\r\n        <input\r\n            class=\"form-radio\"\r\n            type=\"radio\"\r\n            id=\"attribute_{{id}}\"\r\n            name=\"attribute[{{../id}}]\"\r\n            value=\"{{id}}\"\r\n            {{#if selected}}checked{{/if}}\r\n            {{#if ../required}}required{{/if}}>\r\n\r\n        <label class=\"form-option\" for=\"attribute_{{id}}\" data-product-attribute-value=\"{{id}}\">\r\n            <span class=\"form-option-variant\">{{this.label}}</span>\r\n        </label>\r\n    {{/each}}\r\n</div>\r\n","components/products/options/set-select":"<div class=\"form-field\" data-product-attribute=\"set-select\">\r\n    <label class=\"form-label form-label--alternate form-label--inlineSmall\" for=\"attribute_{{id}}\">\r\n        {{ this.display_name }}:\r\n\r\n        {{#if required}}\r\n            <small>{{lang 'common.required'}}</small>\r\n        {{/if}}\r\n    </label>\r\n\r\n    <select class=\"form-select form-select--small\" name=\"attribute[{{this.id}}]\" id=\"attribute_{{id}}\" {{#if required}}required{{/if}}>\r\n        <option value=\"\">{{lang 'products.choose_options'}}</option>\r\n        {{#each this.values}}\r\n            <option data-product-attribute-value=\"{{id}}\" value=\"{{id}}\" {{#if selected}}selected{{/if}}>{{label}}</option>\r\n        {{/each}}\r\n    </select>\r\n</div>\r\n","components/products/options/swatch":"<div class=\"form-field\" data-product-attribute=\"swatch\">\r\n    <label class=\"form-label form-label--alternate form-label--inlineSmall\">\r\n        {{this.display_name}}:\r\n        <span data-option-value></span>\r\n\r\n        {{#if required}}\r\n            <small>{{lang 'common.required'}}</small>\r\n        {{/if}}\r\n    </label>\r\n\r\n    {{#each this.values}}\r\n        <input class=\"form-radio\" type=\"radio\" name=\"attribute[{{../id}}]\" value=\"{{id}}\" id=\"attribute_{{id}}\" {{#if selected}}checked{{/if}} {{#if ../required}}required{{/if}}>\r\n        <label class=\"form-option\" for=\"attribute_{{id}}\" data-product-attribute-value=\"{{id}}\">\r\n            {{#if image}}\r\n                <span class='form-option-variant form-option-variant--pattern' title=\"{{this.label}}\" style=\"background-image: url('{{getImage image \"swatch_option_size\"}}');\"></span>\r\n            {{/if}}\r\n            {{#if data.[2]}}\r\n                <span class='form-option-variant form-option-variant--color' title=\"{{this.label}}\" style=\"background-color: #{{data.[0]}}\"></span>\r\n                <span class='form-option-variant form-option-variant--color' title=\"{{this.label}}\" style=\"background-color: #{{data.[1]}}\"></span>\r\n                <span class='form-option-variant form-option-variant--color' title=\"{{this.label}}\" style=\"background-color: #{{data.[2]}}\"></span>\r\n            {{else}}\r\n                {{#if data.[1]}}\r\n                    <span class='form-option-variant form-option-variant--color' title=\"{{this.label}}\" style=\"background-color: #{{data.[0]}}\"></span>\r\n                    <span class='form-option-variant form-option-variant--color' title=\"{{this.label}}\" style=\"background-color: #{{data.[1]}}\"></span>\r\n                {{else}}\r\n                    {{#if data.[0]}}\r\n                        <span class='form-option-variant form-option-variant--color' title=\"{{this.label}}\" style=\"background-color: #{{data.[0]}}\"></span>\r\n                    {{/if}}\r\n                {{/if}}\r\n            {{/if}}\r\n        </label>\r\n    {{/each}}\r\n</div>\r\n","components/products/options/textarea":"<div class=\"form-field\" data-product-attribute=\"textarea\">\r\n    <label class=\"form-label form-label--alternate form-label--inlineSmall\" for=\"attribute_{{id}}\">\r\n        {{display_name}}:\r\n\r\n        {{#if required}}\r\n            <small>{{lang 'common.required'}}</small>\r\n        {{/if}}\r\n    </label>\r\n\r\n    <textarea class=\"form-input\" id=\"attribute_{{id}}\" name=\"attribute[{{id}}]\" {{#if required}}required{{/if}}>{{prefill}}</textarea>\r\n</div>\r\n","components/common/forms/text":"<div class=\"form-field\" id=\"{{id}}\" data-validation=\"{{validation}}\" {{#if private_id}}data-type=\"{{private_id}}\"{{/if}}>\r\n    <label class=\"form-label\" for=\"{{id}}_input\">{{label}}\r\n        {{#if required}}<small>{{lang 'common.required' }}</small>{{/if}}\r\n    </label>\r\n    <input type=\"text\" id=\"{{id}}_input\" data-label=\"{{label}}\" name=\"{{name}}\" {{#if value}} value=\"{{value}}\"{{/if}} class=\"form-input\" aria-required=\"{{required}}\" {{#if private_id}}data-field-type=\"{{private_id}}\"{{/if}}>\r\n</div>\r\n","components/common/forms/multiline":"<div class=\"form-field\" id=\"{{id}}\" data-validation=\"{{validation}}\">\r\n    <label class=\"form-label\" for=\"{{id}}_input\">{{label}}\r\n        {{#if required}}\r\n            <small>{{lang 'common.required' }}</small>\r\n        {{/if}}\r\n    </label>\r\n    <textarea name=\"{{name}}\" id=\"{{id}}_input\" data-label=\"{{label}}\" rows=\"{{rows}}\" aria-required=\"{{required}}\" class=\"form-input\" {{#if private_id}}data-field-type=\"{{private_id}}\"{{/if}}>{{value}}</textarea>\r\n</div>\r\n"}