{"components/common/header":"<header class=\"header\" role=\"banner\">\r\n    <div class=\"header-top\">\r\n        <div class=\"header-top-left hidden-xs hidden-sm\">\r\n            <div id=\"animated-promotion\" class=\"text-left\">\r\n                <ul class=\"owl-carousel\" data-owl='{\r\n                    \"nav\": false,\r\n                    \"dots\": false,\r\n                    \"items\": 1,\r\n                    \"margin\": 30,\r\n                    \"autoplay\": true,\r\n                    \"autoplayTimeout\": 3000,\r\n                    \"autoplayHoverPause\": false,\r\n                    \"loop\": true,\r\n                    \"responsiveRefreshRate\": 0,\r\n                    \"mouseDrag\": false,\r\n                    \"animateIn\": \"fadeInUp\",\r\n                    \"animateOut\": \"fadeOutUp\"\r\n                }'>\r\n                    <li><strong>Free Shipping</strong> on Orders $59+</li>\r\n                    <li><strong>1 - 2 Day</strong> Shipping Available!</li>\r\n                </ul>\r\n            </div>\r\n        </div>\r\n        <div class=\"header-top-right text-right\">\r\n            <button type=\"button\" id=\"mobile-search-toggle\" class=\"visible-xs visible-sm\"><svg><use xlink:href=\"#icon-close\"></use></svg><svg><use xlink:href=\"#icon-search\"></use></svg></button>\r\n            {{> components/common/navigation}}\r\n        </div>\r\n\r\n    </div>\r\n    <div class=\"header-middle\">\r\n\r\n        <div id=\"st-trigger-effects\" class=\"visible-sm visible-xs\">\r\n            <a data-effect=\"st-effect-1\" href=\"javascript:void(0);\">&nbsp;<svg><use xlink:href=\"#icon-trigger-bars\" /></svg><svg><use xlink:href=\"#icon-close\"></use></svg></a>\r\n        </div>\r\n\r\n        {{#if template_file '===' 'pages/home'}}\r\n        <h1 class=\"header-logo animated fadeIn\">\r\n        {{> components/common/store-logo}}\r\n        </h1> {{else}}\r\n        <div class=\"header-logo animated fadeIn\">\r\n            {{> components/common/store-logo}}\r\n        </div>\r\n        {{/if}}\r\n\r\n        <div class=\"navPages-container\" id=\"menu\" data-menu>\r\n            {{> components/common/navigation-menu}}\r\n        </div>\r\n\r\n        <div class=\"header-middle-right\">\r\n            <div id=\"quickSearch\">\r\n                {{> components/common/quick-search}}\r\n            </div>\r\n            {{#if settings.show_wishlist}}\r\n            <div class=\"wishlist-link hidden-xs hidden-sm\">\r\n                <a href=\"{{urls.account.wishlists.all}}\"><i class=\"fa fa-heart-o\"></i></a>\r\n            </div>\r\n            {{/if}}\r\n\r\n            <div id=\"top-cart\" class=\"top-cart\">\r\n                <a data-cart-preview href=\"javascript:void(0);\">\r\n                    <span><svg style=\"height: 28px; width: 28px;\"><use xlink:href=\"#shopping-bag\"></use></svg><span class=\"countPill{{#if cart.items}} countPill--positive{{/if}} cart-quantity\">{{cart.quantity}}</span></span>\r\n                </a>\r\n                <div id=\"cart-preview-dropdown\">\r\n                    <div class=\"triangle-with-shadow\"></div>\r\n                    <div class=\"cart-preview-inner\">\r\n                        {{> components/common/cart-preview}}\r\n                    </div>\r\n                </div>\r\n            </div>\r\n        </div>\r\n    </div>\r\n\r\n    <div class=\"header-bottom\">\r\n        <p><strong>FREE Expedited Shipping (1-2 days) on orders $59+</strong></p>\r\n    </div>\r\n\r\n</header>\r\n\r\n{{#if theme_settings.bigcommerce_banners }}\r\n    {{#if banners.top}}\r\n    <div class=\"banners\" data-banner-location=\"top\">\r\n        <div class=\"banner\">\r\n            {{{limit banners.top 1}}}\r\n        </div>\r\n    </div>\r\n    {{/if}}\r\n{{/if}}\r\n","components/common/navigation":"<nav class=\"navUser\">\r\n    <ul>\r\n\r\n        {{#if settings.phone_number}}\r\n        <li class=\"hidden-xs hidden-sm\" id=\"need-help-phone\">{{> components/halothemes/header-phone-number}}</li>\r\n        {{/if}}\r\n\r\n        {{> components/common/currency-selector}}\r\n\r\n        {{#if customer.store_credit.value '>' 0}}\r\n        <li class=\"hidden-xs hidden-sm\" id=\"storeCredit-toggle\">\r\n            <a class=\"navUser-action--storeCredit\" data-dropdown=\"storeCredit-dropdown\" data-options=\"align:bottom\" href=\"{{urls.cart}}\">\r\n                <span class=\"navUser-action-divider\">{{lang 'common.store_credit_overview' credit=customer.store_credit.formatted}}</span>\r\n            </a>\r\n            <div class=\"dropdown-menu\" id=\"storeCredit-dropdown\" data-dropdown-content aria-hidden=\"true\">\r\n                <div class=\"triangle-with-shadow\"></div>\r\n                {{{lang 'common.store_credit' store_credit=customer.store_credit.formatted}}}\r\n            </div>\r\n        </li>\r\n        {{/if}}\r\n\r\n        {{#if customer}}\r\n        <li id=\"accountDropdown\" class=\"hidden-xs hidden-sm\">\r\n            <a class=\"navUser-action has-dropdown\" href=\"#\" data-dropdown=\"accountSelection\" aria-controls=\"accountSelection\" aria-expanded=\"false\"><span>{{lang 'common.account'}}</span><i class=\"fa fa-angle-down\"></i></a>\r\n            <ul class=\"dropdown-menu\" id=\"accountSelection\" data-dropdown-content aria-hidden=\"true\" tabindex=\"-1\">\r\n                <div class=\"triangle-with-shadow\"></div>\r\n                <li><a href=\"{{urls.account.orders.all}}\">{{lang 'account.nav.orders'}}</a></li>\r\n                {{#if settings.returns_enabled}}\r\n                <li><a href=\"{{urls.account.returns}}\">{{lang 'account.nav.returns'}}</a></li>\r\n                {{/if}}\r\n                <li><a href=\"{{urls.account.inbox}}\">{{lang 'account.mobile_nav.messages'}}</a></li>\r\n                <li><a href=\"{{urls.account.addresses}}\">{{lang 'account.nav.addresses'}}</a></li>\r\n                <li><a href=\"{{urls.account.recent_items}}\">{{lang 'account.nav.recently_viewed'}}</a></li>\r\n                <li><a href=\"{{urls.account.details}}\">{{lang 'account.nav.settings'}}</a></li>\r\n            </ul>\r\n        </li>\r\n        {{else}}\r\n        <li class=\"hidden-xs hidden-sm\"><a href=\"{{urls.account.index}}\"><span>{{lang 'common.account'}}</span></a></li>\r\n        {{/if}}\r\n\r\n\r\n        {{#if settings.gift_certificates_enabled}}\r\n        <li class=\"hidden-xs hidden-sm\">\r\n            <a href=\"{{urls.gift_certificate.purchase}}\"><span>{{lang 'common.gift_cert'}}</span></a>\r\n        </li>\r\n        {{/if}}\r\n\r\n\r\n        {{#if settings.account_creation_enabled}}\r\n        {{#if customer}}\r\n            <li class=\"logged-in hidden-sm hidden-xs last-child\">{{lang 'Welcome back,'}} <strong>{{customer.name}}. </strong><a href=\"{{urls.auth.logout}}\"><span>{{lang 'common.logout'}}</span></a></li>\r\n        {{else}}\r\n            <li class=\"hidden-sm hidden-xs\"><a href=\"{{urls.auth.login}}\"><span>{{lang 'common.login'}}</span></a></li>\r\n            <li class=\"hidden-sm hidden-xs last-child\"><a href=\"{{urls.auth.create_account}}\"><span>{{lang 'common.sign_up'}}</span></a></li>\r\n        {{/if}}\r\n        {{/if}}\r\n\r\n        {{#if customer}}\r\n        <li id=\"mobileAccountSidebar\" class=\"hidden-md hidden-lg\"><a data-effect=\"st-effect-2\" class=\"navUser-action\" href=\"#\"><i class=\"fa fa-user\"></i><span>{{lang 'common.account'}}</span></a></li>\r\n        {{else}}\r\n        <li id=\"mobileAccountSidebar\" class=\"hidden-md hidden-lg\"><a data-effect=\"st-effect-2\" href=\"{{urls.account.index}}\"><i class=\"fa fa-user\"></i><span>{{lang 'common.account'}}</span></a></li>\r\n        {{/if}}\r\n\r\n\r\n\r\n    </ul>\r\n</nav>\r\n","components/common/store-logo":"<a href=\"{{urls.home}}\">\r\n    {{#if settings.store_logo.image}}\r\n        <img class=\"header-logo-image\" src=\"{{getImage settings.store_logo.image 'logo_size'}}\" alt=\"{{settings.store_logo.title}}\" title=\"{{settings.store_logo.title}}\">\r\n    {{else}}\r\n        <span class=\"header-logo-text\">{{settings.store_logo.title}}</span>\r\n    {{/if}}\r\n</a>\r\n","components/common/navigation-menu":"<nav class=\"navPages\">\r\n    <ul class=\"navPages-list\">\r\n        {{#each categories}}\r\n            <li class=\"navPages-item\">\r\n                {{> components/common/navigation-list}}\r\n            </li>\r\n        {{/each}}\r\n        {{#unless theme_settings.hide_content_navigation}}\r\n            {{#each pages}}\r\n                 <li class=\"navPages-item navPages-item-page\">\r\n                     <a class=\"navPages-action\" href=\"{{url}}\">{{name}}</a>\r\n                 </li>\r\n             {{/each}}\r\n        {{/unless}}\r\n    </ul>\r\n</nav>\r\n","components/common/quick-search":"{{{ snippet \"forms_search\"}}}\r\n<button class=\"search-toggle hide\"><svg><use xlink:href=\"#icon-close\"></use></svg><svg><use xlink:href=\"#icon-search\"></use></svg></button>\r\n<form class=\"form\" action=\"{{urls.search}}\">\r\n    <fieldset class=\"form-fieldset\">\r\n        <div class=\"form-field\">\r\n            <label class=\"is-srOnly\" for=\"search_query\">{{lang \"search.quick_search.input_label\"}}</label>\r\n            <input class=\"form-input\" data-search-quick name=\"search_query\" id=\"search_query\" data-error-message=\"{{lang 'search.error.empty_field'}}\" placeholder=\"{{lang 'search.quick_search.input_placeholder'}}\" autocomplete=\"off\">\r\n            <button type=\"submit\"><svg><use xlink:href=\"#icon-search\"></use></svg></button>\r\n        </div>\r\n    </fieldset>\r\n</form>\r\n<div class=\"quickSearchResultsWrap\" data-prevent-quick-search-close>\r\n    <section class=\"quickSearchResults\" data-bind=\"html: results\"></section>\r\n</div>\r\n","components/common/cart-preview":"<div class=\"previewCart\">\r\n    {{#if cart.items.length}}\r\n        <div class=\"preview-cart-titles\">\r\n            <div class=\"item-info\">{{lang 'cart.checkout.item'}}</div>\r\n            <div class=\"item-price\">{{lang 'cart.checkout.price'}}</div>\r\n            <div class=\"item-qty\">{{lang 'cart.checkout.quantity'}}</div>\r\n            <div class=\"item-total\">{{lang 'cart.checkout.total'}}</div>\r\n        </div>\r\n        <ul class=\"previewCartList\">\r\n            {{#each cart.items}}\r\n                <li class=\"previewCartItem\">\r\n                    <div class=\"item-info\">\r\n                        <div class=\"previewCartItem-image\">\r\n                            {{#if type '==' 'GiftCertificate'}}\r\n                                <img src=\"{{cdn ../../theme_settings.default_image_gift_certificate}}\" alt=\"GiftCertificate\" title=\"GiftCertificate\">\r\n                            {{else}}\r\n                                <img src=\"{{getImage image 'productthumb_size' (cdn ../../theme_settings.default_image_product)}}\" alt=\"{{image.alt}}\" title=\"{{image.alt}}\">\r\n                            {{/if}}\r\n                        </div>\r\n\r\n                        <div class=\"previewCartItem-name\">\r\n                            {{!-- #if brand.name}}\r\n                            <span class=\"previewCartItem-brand\">\r\n                                {{brand.name}}\r\n                            </span>\r\n                            {{/if --}}\r\n                            <h6><a href=\"{{url}}\" alt=\"{{name}}\" title=\"{{name}}\">{{name}}</a></h6>\r\n                        </div>\r\n\r\n                    </div>\r\n\r\n                    <div class=\"item-price\">\r\n                        {{price.formatted}}\r\n                    </div>\r\n                    <div class=\"item-qty\">\r\n                        {{quantity}}\r\n                    </div>\r\n                    <div class=\"item-total\">\r\n                        <strong class=\"cart-item-value {{#if total_discounted}}price--discounted{{/if}}\">{{total.formatted}}</strong>\r\n                        {{#if total_discounted}}\r\n                            <strong class=\"cart-item-value\">{{total_discounted.formatted}}</strong>\r\n                        {{/if}}\r\n                    </div>\r\n\r\n                </li>\r\n            {{/each}}\r\n        </ul>\r\n        <div class=\"preview-cart-total\">\r\n            <div class=\"cart-total-label\">\r\n                <strong>{{lang 'cart.checkout.subtotal'}}:</strong>\r\n            </div>\r\n            <div class=\"cart-total-value\">\r\n                <span>{{cart.sub_total.formatted}}</span>\r\n            </div>\r\n        </div>\r\n        <div class=\"preview-cart-total\">\r\n            <div class=\"cart-total-label\">\r\n                <strong>{{lang 'cart.checkout.shipping'}}:</strong>\r\n            </div>\r\n            {{#if cart.shipping_handling.shipping_cost }}\r\n            <div class=\"cart-total-value\">\r\n                <div class=\"subtotal\">\r\n                    <span>{{cart.shipping_handling.shipping_cost.formatted}}</span>\r\n                </div>\r\n            </div>\r\n            {{else}}\r\n            <div class=\"cart-total-value\">\r\n                <em>Calculated at checkout</em>\r\n            </div>\r\n            {{/if}}\r\n            {{#each cart.taxes}}\r\n            <div class=\"cart-total-label\">\r\n                <strong>{{name}}:</strong>\r\n            </div>\r\n            <div class=\"cart-total-value\">\r\n                <span>{{cost.formatted}}</span>\r\n            </div>\r\n            {{/each}}\r\n        </div>\r\n        <div class=\"preview-cart-grand-total\">\r\n             <div class=\"cart-total-label\">\r\n                <strong>{{lang 'cart.checkout.grand_total'}}:</strong>\r\n            </div>\r\n            <div class=\"cart-total-value cart-total-grandTotal\">\r\n                <span>{{cart.grand_total.formatted}}</span>\r\n            </div>\r\n        </div>\r\n\r\n        <div class=\"previewCartAction\">\r\n\r\n            <div class=\"previewCartAction-viewCart{{#unless cart.show_primary_checkout_button}} previewCartAction-viewCart--sole{{/unless}}\">\r\n                <a href=\"{{urls.cart}}\" class=\"btn btn-alt\">\r\n                    {{lang 'cart.preview.view_cart'}}\r\n                </a>\r\n            </div>\r\n\r\n            {{#if cart.show_primary_checkout_button}}\r\n                <div class=\"previewCartAction-checkout\">\r\n                    <a href=\"{{urls.checkout.single_address}}\" class=\"btn btn-checkout\">\r\n                        {{lang 'cart.preview.checkout_now'}}\r\n                    </a>\r\n                </div>\r\n            {{/if}}\r\n\r\n\r\n            {{#if cart.show_multiple_address_shipping}}\r\n                <div class=\"previewCartAction-checkoutMultiple\">\r\n                    <a href=\"{{urls.checkout.multiple_address}}\">\r\n                        {{lang 'cart.preview.checkout_multiple'}}\r\n                    </a>\r\n                </div>\r\n            {{/if}}\r\n        </div>\r\n    {{else}}\r\n        <div class=\"previewCart-emptyBody\">\r\n            <div class=\"alert alert-warning text-center\">{{lang 'cart.checkout.empty_cart'}}</div>\r\n        </div>\r\n    {{/if}}\r\n</div>\r\n","components/halothemes/header-phone-number":"Need Help? <a href=\"tel:{{settings.phone_number}}\"><span>{{settings.phone_number}}</span></a>","components/common/navigation-list":"{{#if children}}\r\n<a class=\"navPages-action has-subMenu\" href=\"{{url}}\">\r\n    {{name}}\r\n    <span class=\"triangle-with-shadow\"></span>\r\n</a>\r\n<div class=\"navPage-subMenu\" id=\"navPages-{{id}}\" tabindex=\"-1\">\r\n    <ul class=\"navPage-subMenu-list\">\r\n        {{#each children}}\r\n            <li class=\"navPage-subMenu-item\">\r\n                {{#if children}}\r\n                    <a class=\"navPage-subMenu-action navPages-action has-subMenu\" href=\"{{url}}\">\r\n                        <span>{{name}}</span>\r\n                    </a>\r\n                    <ul class=\"navPage-childList\" id=\"navPages-{{id}}\">\r\n                        {{#each children}}\r\n                        <li class=\"navPage-childList-item\">\r\n                            <a class=\"navPage-childList-action navPages-action\" href=\"{{url}}\"><span>{{name}}</span></a>\r\n                        </li>\r\n                        {{/each}}\r\n                    </ul>\r\n                {{else}}\r\n                    <a class=\"navPage-subMenu-action navPages-action\" href=\"{{url}}\"><span>{{name}}</span></a>\r\n                {{/if}}\r\n            </li>\r\n        {{/each}}\r\n    </ul>\r\n</div>\r\n{{else}}\r\n<a class=\"navPages-action\" href=\"{{url}}\">{{name}}</a>\r\n{{/if}}\r\n","components/common/currency-selector":"{{#if currency_selector.currencies.length '>' 1}}\r\n<li id=\"currency-converter\">\r\n    <a class=\"navUser-action has-dropdown\" href=\"#\" data-dropdown=\"currencySelection\" aria-controls=\"currencySelection\" aria-expanded=\"false\">{{{currency_selector.active_currency_flag}}}<span>{{currency_selector.active_currency_code}}</span><i class=\"fa fa-angle-down\"></i></a>\r\n    <ul class=\"dropdown-menu\" id=\"currencySelection\" data-dropdown-content aria-hidden=\"true\" tabindex=\"-1\">\r\n        <div class=\"triangle-with-shadow\"></div>\r\n        {{#each currency_selector.currencies}}\r\n        <li class=\"dropdown-menu-item\">\r\n            <a href=\"{{{switch_url}}}\">\r\n                {{#if is_active}}\r\n                {{{flag}}} <strong>{{name}}</strong>\r\n                {{else}}\r\n                {{{flag}}} {{name}}\r\n                {{/if}}\r\n            </a>\r\n        </li>\r\n        {{/each}}\r\n    </ul>\r\n</li>\r\n{{/if}}\r\n"}