{"components/amp/products/product-options":"<div class=\"productView\">\n    <div class=\"productView-options\">\n        <form class=\"form\" method=\"post\" action=\"{{product.cart_url}}\" enctype=\"multipart/form-data\" data-cart-item-add target=\"_self\">\n            <input type=\"hidden\" name=\"action\" value=\"add\">\n            <input type=\"hidden\" name=\"product_id\" value=\"{{product.id}}\"/>\n            {{#each product.customizations}}\n                {{{dynamicComponent 'components/products/customizations'}}}\n            {{/each}}\n            <div data-product-option-change style=\"display:none;\">\n                {{#each product.options}}\n                    {{{dynamicComponent 'components/products/options'}}}\n                {{/each}}\n            </div>\n            {{#if product.event_date}}\n                {{> components/products/event-date}}\n            {{/if}}\n            {{#if product.can_purchase}}\n                {{> components/products/add-to-cart}}\n            {{/if}}\n            <div class=\"loadingOverlay\"></div>\n        </form>\n    </div>\n</div>\n","components/products/event-date":"<div class=\"form-field\">\n    <label class=\"form-label form-label--alternate form-label--inlineSmall\">\n    {{product.event_date.name}}:\n    <small>{{lang 'common.required'}}</small>\n    </label>\n    <select class=\"form-select form-select--date\" name=\"EventDate[Mth]\" required>\n        <option value=\"\">{{lang 'common.month'}}</option>\n        {{#enumerate 1 12}}\n            <option value=\"{{this}}\">{{getShortMonth this}}</option>\n        {{/enumerate}}\n    </select>\n    <select class=\"form-select form-select--date\" name=\"EventDate[Day]\" required>\n        <option value=\"\">{{lang 'common.day'}}</option>\n        {{#enumerate 1 31}}\n            <option value=\"{{this}}\">{{this}}</option>\n        {{/enumerate}}\n    </select>\n    <select class=\"form-select form-select--date\" name=\"EventDate[Yr]\" required>\n        <option value=\"\">{{lang 'common.year'}}</option>\n        {{#enumerate product.event_date.earliest_year product.event_date.latest_year}}\n            <option value=\"{{this}}\" >{{this}}</option>\n        {{/enumerate}}\n    </select>\n</div>\n","components/products/add-to-cart":"<div class=\"alertBox productAttributes-message\" style=\"display:none\">\n  <div class=\"alertBox-column alertBox-icon\">\n      <icon glyph=\"ic-success\" class=\"icon\" aria-hidden=\"true\"><svg xmlns=\"http://www.w3.org/2000/svg\" width=\"24\" height=\"24\" viewBox=\"0 0 24 24\"><path d=\"M12 2C6.48 2 2 6.48 2 12s4.48 10 10 10 10-4.48 10-10S17.52 2 12 2zm1 15h-2v-2h2v2zm0-4h-2V7h2v6z\"></path></svg></icon>\n  </div>\n  <p class=\"alertBox-column alertBox-message\"></p>\n</div>\n\n<div class=\"qty-add-wrap\">\n  <div class=\"form-field form-field--increments\">\n      <label class=\"form-label form-label--alternate\"\n             for=\"qty[]\">{{lang 'products.quantity'}}</label>\n\n      <div class=\"form-increment\" data-quantity-change>\n          <button class=\"button button--icon\" data-action=\"dec\">\n              <span class=\"is-srOnly\">{{lang 'products.quantity_decrease'}}</span>\n              <i class=\"fa fa-angle-down\"></i>\n          </button>\n          <input class=\"form-input form-input--incrementTotal\"\n                 id=\"qty[]\"\n                 name=\"qty[]\"\n                 type=\"tel\"\n                 value=\"{{#if product.min_purchase_quantity}}{{product.min_purchase_quantity}}{{else}}1{{/if}}\"\n                 data-quantity-min=\"{{product.min_purchase_quantity}}\"\n                 data-quantity-max=\"{{product.max_purchase_quantity}}\"\n                 min=\"1\"\n                 pattern=\"[0-9]*\"\n                 aria-live=\"polite\">\n          <button class=\"button button--icon\" data-action=\"inc\">\n              <span class=\"is-srOnly\">{{lang 'products.quantity_increase'}}</span>\n              <i class=\"fa fa-angle-up\"></i>\n          </button>\n      </div>\n  </div>\n\n</div>\n<div class=\"qty-add-wrap\">\n    {{#or customer (if theme_settings.restrict_to_login '!==' true)}}\n    <input id=\"form-action-addToCart\" data-wait-message=\"{{lang 'products.adding_to_cart'}}\" class=\"btn btn-checkout\" type=\"submit\" value=\"{{#if product.pre_order}}{{lang 'products.pre_order'}}{{else}}{{lang 'products.add_to_cart'}}{{/if}}\">\n\n    {{{snippet 'product_addtocart'}}}\n    {{/or}}\n</div>\n\n","components/products/customizations/checkbox":"<div class=\"form-field\">\r\n    <input class=\"form-checkbox\" type=\"checkbox\" id=\"customization_{{this.id}}_{{../id}}\" {{#if required}}required {{/if}}name=\"ProductFields[{{this.id}}]\" {{#if value}}checked{{/if}}>\r\n    <label class=\"form-label form-label--alternate form-label--inlineSmall\" for=\"customization_{{this.id}}_{{../id}}\">\r\n        {{ this.display_name }}\r\n        {{#if required}}\r\n            <small>{{lang 'common.required'}}</small>\r\n        {{/if}}\r\n    </label>\r\n</div>\r\n","components/products/customizations/file":"<div class=\"form-field\">\r\n    <label class=\"form-label form-label--alternate form-label--inlineSmall\" for=\"customization_{{this.id}}_{{../id}}\">\r\n        {{ this.display_name }}:\r\n        {{#if required}}\r\n            <small>{{lang 'common.required'}}</small>\r\n        {{/if}}\r\n    </label>\r\n    <input class=\"form-file\" type=\"file\" id=\"customization_{{this.id}}_{{../id}}\" {{#if required}}required {{/if}}name=\"ProductFields[{{this.id}}]\">\r\n    {{#if original_name}}\r\n        {{{lang 'products.file_option_set' url=file_url name=original_name}}}\r\n    {{/if}}\r\n    <p class=\"form-fileDescription\">{{#if file_size}}{{lang 'products.max_filesize'}} <strong>{{file_size}}</strong>, {{/if}}{{#if file_types}}{{lang 'products.filetypes'}} <strong>{{file_types}}</strong>{{/if}}</p>\r\n</div>\r\n","components/products/customizations/select":"<div class=\"form-field\">\r\n    <label class=\"form-label form-label--alternate form-label--inlineSmall\" for=\"customization_{{id}}_{{../id}}\">\r\n        {{ display_name }}:\r\n        {{#if required}}\r\n            <small>{{lang 'common.required'}}</small>\r\n        {{/if}}\r\n    </label>\r\n    <select class=\"form-select form-select--small\" name=\"ProductFields[{{id}}]\" id=\"customization_{{id}}_{{../id}}\"{{#if required}} required{{/if}}>\r\n        <option value=\"\">{{lang 'products.choose_an_option'}}</option>\r\n        {{#each values}}\r\n            <option value=\"{{this}}\" {{#if ../value '===' this}}selected{{/if}}>{{this}}</option>\r\n        {{/each}}\r\n    </select>\r\n</div>\r\n","components/products/customizations/text":"<div class=\"form-field\">\r\n    <label class=\"form-label form-label--alternate form-label--inlineSmall\" for=\"customization_{{id}}_{{../id}}\">\r\n        {{ display_name }}:\r\n        {{#if required}}\r\n            <small>{{lang 'common.required'}}</small>\r\n        {{/if}}\r\n    </label>\r\n    <input class=\"form-input form-input--small\" type=\"text\" id=\"customization_{{id}}_{{../id}}\" {{#if required}}required {{/if}}name=\"ProductFields[{{id}}]\" value=\"{{value}}\">\r\n</div>\r\n","components/products/customizations/textarea":"<div class=\"form-field\">\r\n    <label class=\"form-label form-label--alternate form-label--inlineSmall\" for=\"customization_{{id}}_{{../id}}\">\r\n        {{display_name}}:\r\n        {{#if required}}\r\n            <small>{{lang 'common.required'}}</small>\r\n        {{/if}}\r\n    </label>\r\n    <textarea class=\"form-input\" id=\"customization_{{id}}_{{../id}}\" {{#if required}}required {{/if}}name=\"ProductFields[{{id}}]\">{{value}}</textarea>\r\n</div>\r\n","components/products/options/date":"<div class=\"form-field\" data-product-attribute=\"date\">\r\n    <label class=\"form-label form-label--alternate form-label--inlineSmall\" {{#if style}}style=\"{{style}}\" {{/if}}>\r\n        {{this.display_name}}:\r\n\r\n        {{#if required}}\r\n            <small>{{lang 'common.required'}}</small>\r\n        {{/if}}\r\n    </label>\r\n    <select class=\"form-select form-select--date\" name=\"attribute[{{this.id}}][month]\" {{#if required}}required{{/if}}>\r\n        <option value=\"\">{{lang 'common.month'}}</option>\r\n        {{#for 1 12}}\r\n            <option value=\"{{$index}}\" {{#if ../selected_date.month '==' $index}}selected=\"selected\"{{/if}}>\r\n                {{lang (concat 'common.short_months.' $index)}}\r\n            </option>\r\n        {{/for}}\r\n    </select>\r\n    <select class=\"form-select form-select--date\" name=\"attribute[{{this.id}}][day]\" {{#if required}}required{{/if}}>\r\n        <option value=\"\">{{lang 'common.day'}}</option>\r\n        {{#for 1 31}}\r\n            <option value=\"{{$index}}\" {{#if ../selected_date.day '==' $index}}selected=\"selected\"{{/if}}>\r\n                {{$index}}\r\n            </option>\r\n        {{/for}}\r\n    </select>\r\n    <select class=\"form-select form-select--date\" name=\"attribute[{{this.id}}][year]\" {{#if required}}required{{/if}}>\r\n        <option value=\"\">{{lang 'common.year'}}</option>\r\n        {{#for earliest_year latest_year}}\r\n            <option value=\"{{$index}}\" {{#if ../selected_date.year '==' $index}}selected=\"selected\"{{/if}}>\r\n                {{$index}}\r\n            </option>\r\n        {{/for}}\r\n    </select>\r\n</div>\r\n","components/products/options/input-checkbox":"<div class=\"form-field\" data-product-attribute=\"input-checkbox\">\r\n    <label class=\"form-label form-label--alternate form-label--inlineSmall\">\r\n        {{display_name}}:\r\n\r\n        {{#if required}}\r\n            <small>{{lang 'common.required'}}</small>\r\n        {{/if}}\r\n    </label>\r\n\r\n    <input \r\n        class=\"form-checkbox\"\r\n        type=\"checkbox\"\r\n        name=\"attribute[{{id}}]\"\r\n        id=\"attribute-{{id}}\"\r\n        value=\"{{value}}\"\r\n        {{#if checked}}checked{{/if}}\r\n        {{#if required}}required{{/if}}>\r\n\r\n    <label class=\"form-label {{class}}\" for=\"attribute-{{id}}\">{{label}}</label>\r\n</div>\r\n","components/products/options/input-file":"<div class=\"form-field\" data-product-attribute=\"input-file\">\r\n    <label class=\"form-label form-label--alternate form-label--inlineSmall\" for=\"attribute_{{id}}\">\r\n        {{ this.display_name }}:\r\n\r\n        {{#if required}}\r\n            <small>{{lang 'common.required'}}</small>\r\n        {{/if}}\r\n    </label>\r\n\r\n    <input class=\"form-file\" type=\"file\" id=\"attribute_{{id}}\" name=\"attribute[{{this.id}}]\" {{#if required}}required{{/if}}>\r\n    {{#if original_name}}\r\n        {{{lang 'products.file_option_set' url=file_url name=original_name}}}\r\n        <label>{{lang 'cart.remove_file'}}<input type=\"checkbox\" name=\"{{file_remove}}\"></label>\r\n    {{/if}}\r\n    <p class=\"form-fileDescription\">{{#if file_size}}{{lang 'products.max_filesize'}} <strong>{{file_size}}</strong>, {{/if}}{{#if file_types}}{{lang 'products.filetypes'}} <strong>{{file_types}}</strong>{{/if}}</p>\r\n\r\n</div>\r\n","components/products/options/input-numbers":"<div class=\"form-field\" data-product-attribute=\"input-number\">\r\n    <label class=\"form-label form-label--alternate form-label--inlineSmall\" for=\"attribute_{{id}}\">\r\n        {{ this.display_name }}:\r\n\r\n        {{#if required}}\r\n            <small>{{lang 'common.required'}}</small>\r\n        {{/if}}\r\n    </label>\r\n\r\n    <input class=\"form-input\" type=\"number\" id=\"attribute_{{id}}\" {{#unless this.integer_only}}step=\"any\"{{/unless}} name=\"attribute[{{this.id}}]\" value=\"{{this.prefill}}\" {{#if required}}required{{/if}}>\r\n</div>\r\n","components/products/options/input-text":"<div class=\"form-field\" data-product-attribute=\"input-text\">\r\n    <label class=\"form-label form-label--alternate form-label--inlineSmall\" for=\"attribute_{{id}}\">\r\n        {{ this.display_name }}:\r\n\r\n        {{#if required}}\r\n            <small>{{lang 'common.required'}}</small>\r\n        {{/if}}\r\n    </label>\r\n\r\n    <input class=\"form-input form-input--small\" type=\"text\" id=\"attribute_{{id}}\" name=\"attribute[{{this.id}}]\" value=\"{{this.prefill}}\" {{#if required}}required{{/if}}>\r\n</div>\r\n","components/products/options/product-list":"<div class=\"form-field\" data-product-attribute=\"product-list\">\r\n    <label class=\"form-label form-label--alternate form-label--inlineSmall\">\r\n        {{display_name}}:\r\n        <span data-option-value></span>\r\n\r\n        {{#if required}}\r\n            <small>{{lang 'common.required'}}</small>\r\n        {{/if}}\r\n    </label>\r\n\r\n    {{#if values.0.image}}\r\n        <ul class=\"productOptions-list\">\r\n            {{#unless required}}\r\n                <li class=\"productOptions-list-item\">\r\n                    <input class=\"form-radio\"\r\n                           type=\"radio\"\r\n                           name=\"attribute[{{id}}]\"\r\n                           value=\"0\"\r\n                           id=\"attribute_0_{{id}}\"\r\n                           {{#if defaultValue '==' 0}}checked{{/if}} required>\r\n                    <label class=\"form-label\" for=\"attribute_0_{{id}}\">{{lang 'products.none'}}</label>\r\n                </li>\r\n            {{/unless}}\r\n            {{#each values}}\r\n                <li class=\"productOptions-list-item\" data-product-attribute-value=\"{{id}}\">\r\n                    {{#if image}}\r\n                        <figure class=\"productOptions-list-item-figure\">\r\n                            <img class=\"productOptions-list-item-image\" src=\"{{getImage image 'productthumb_size'}}\" alt=\"{{image.alt}}\" title=\"{{image.alt}}\">\r\n                        </figure>\r\n                    {{/if}}\r\n                    <div class=\"productOptions-list-item-content\">\r\n                        <input\r\n                            class=\"form-radio\"\r\n                            type=\"radio\"\r\n                            name=\"attribute[{{../id}}]\"\r\n                            value=\"{{id}}\"\r\n                            id=\"attribute_{{id}}\"\r\n                            {{#if selected}}checked{{/if}}\r\n                            {{#if ../required}}required{{/if}}>\r\n                        <label data-product-attribute-value=\"{{id}}\" class=\"form-label\" for=\"attribute_{{id}}\">{{label}}</label>\r\n                    </div>\r\n                </li>\r\n            {{/each}}\r\n        </ul>\r\n    {{else}}\r\n        <input class=\"form-radio\"\r\n               type=\"radio\"\r\n               name=\"attribute[{{id}}]\"\r\n               value=\"0\"\r\n               id=\"attribute_0_{{id}}\"\r\n               {{#if defaultValue '==' 0}}checked{{/if}}\r\n               {{#if required}}required{{/if}}>\r\n        <label class=\"form-label\" for=\"attribute_0_{{id}}\">{{lang 'products.none'}}</label>\r\n        {{#each values}}\r\n            <input\r\n                class=\"form-radio\"\r\n                type=\"radio\"\r\n                name=\"attribute[{{../id}}]\"\r\n                value=\"{{id}}\"\r\n                id=\"attribute_{{id}}\"\r\n                {{#if selected}}checked{{/if}}\r\n                {{#if ../required}}required{{/if}}>\r\n            <label data-product-attribute-value=\"{{id}}\" class=\"form-label\" for=\"attribute_{{id}}\">{{label}}</label>\r\n        {{/each}}\r\n    {{/if}}\r\n</div>\r\n","components/products/options/set-radio":"<div class=\"form-field\" data-product-attribute=\"set-radio\">\r\n    <label class=\"form-label form-label--alternate form-label--inlineSmall\">\r\n        {{ this.display_name }}:\r\n\r\n        {{#if required}}\r\n            <small>{{lang 'common.required'}}</small>\r\n        {{/if}}\r\n    </label>\r\n\r\n    {{#each this.values}}\r\n        <input\r\n            class=\"form-radio\"\r\n            type=\"radio\"\r\n            id=\"attribute_{{id}}\"\r\n            name=\"attribute[{{../id}}]\"\r\n            value=\"{{id}}\"\r\n            {{#if selected}}checked{{/if}}\r\n            {{#if ../required}}required{{/if}}>\r\n        <label data-product-attribute-value=\"{{id}}\" class=\"form-label\" for=\"attribute_{{id}}\">{{this.label}}</label>\r\n    {{/each}}\r\n</div>\r\n","components/products/options/set-rectangle":"<div class=\"form-field\" data-product-attribute=\"set-rectangle\">\r\n    <label class=\"form-label form-label--alternate form-label--inlineSmall\">\r\n        {{this.display_name}}:\r\n        <span data-option-value></span>\r\n\r\n        {{#if required}}\r\n            <small>{{lang 'common.required'}}</small>\r\n        {{/if}}\r\n    </label>\r\n\r\n    {{#each this.values}}\r\n        <input\r\n            class=\"form-radio\"\r\n            type=\"radio\"\r\n            id=\"attribute_{{id}}\"\r\n            name=\"attribute[{{../id}}]\"\r\n            value=\"{{id}}\"\r\n            {{#if selected}}checked{{/if}}\r\n            {{#if ../required}}required{{/if}}>\r\n\r\n        <label class=\"form-option\" for=\"attribute_{{id}}\" data-product-attribute-value=\"{{id}}\">\r\n            <span class=\"form-option-variant\">{{this.label}}</span>\r\n        </label>\r\n    {{/each}}\r\n</div>\r\n","components/products/options/set-select":"<div class=\"form-field\" data-product-attribute=\"set-select\">\r\n    <label class=\"form-label form-label--alternate form-label--inlineSmall\" for=\"attribute_{{id}}\">\r\n        {{ this.display_name }}:\r\n\r\n        {{#if required}}\r\n            <small>{{lang 'common.required'}}</small>\r\n        {{/if}}\r\n    </label>\r\n\r\n    <select class=\"form-select form-select--small\" name=\"attribute[{{this.id}}]\" id=\"attribute_{{id}}\" {{#if required}}required{{/if}}>\r\n        <option value=\"\">{{lang 'products.choose_options'}}</option>\r\n        {{#each this.values}}\r\n            <option data-product-attribute-value=\"{{id}}\" value=\"{{id}}\" {{#if selected}}selected{{/if}}>{{label}}</option>\r\n        {{/each}}\r\n    </select>\r\n</div>\r\n","components/products/options/textarea":"<div class=\"form-field\" data-product-attribute=\"textarea\">\r\n    <label class=\"form-label form-label--alternate form-label--inlineSmall\" for=\"attribute_{{id}}\">\r\n        {{display_name}}:\r\n\r\n        {{#if required}}\r\n            <small>{{lang 'common.required'}}</small>\r\n        {{/if}}\r\n    </label>\r\n\r\n    <textarea class=\"form-input\" id=\"attribute_{{id}}\" name=\"attribute[{{id}}]\" {{#if required}}required{{/if}}>{{prefill}}</textarea>\r\n</div>\r\n","components/products/options/swatch":"<div class=\"form-field\" data-product-attribute=\"swatch\">\r\n    <label class=\"form-label form-label--alternate form-label--inlineSmall\">\r\n        {{this.display_name}}:\r\n        <span data-option-value></span>\r\n\r\n        {{#if required}}\r\n            <small>{{lang 'common.required'}}</small>\r\n        {{/if}}\r\n    </label>\r\n\r\n    {{#each this.values}}\r\n        <input class=\"form-radio\" type=\"radio\" name=\"attribute[{{../id}}]\" value=\"{{id}}\" id=\"attribute_{{id}}\" {{#if selected}}checked{{/if}} {{#if ../required}}required{{/if}}>\r\n        <label class=\"form-option\" for=\"attribute_{{id}}\" data-product-attribute-value=\"{{id}}\">\r\n            {{#if image}}\r\n                <span class='form-option-variant form-option-variant--pattern' title=\"{{this.label}}\" style=\"background-image: url('{{getImage image \"swatch_option_size\"}}');\"></span>\r\n            {{/if}}\r\n            {{#if data.[2]}}\r\n                <span class='form-option-variant form-option-variant--color' title=\"{{this.label}}\" style=\"background-color: #{{data.[0]}}\"></span>\r\n                <span class='form-option-variant form-option-variant--color' title=\"{{this.label}}\" style=\"background-color: #{{data.[1]}}\"></span>\r\n                <span class='form-option-variant form-option-variant--color' title=\"{{this.label}}\" style=\"background-color: #{{data.[2]}}\"></span>\r\n            {{else}}\r\n                {{#if data.[1]}}\r\n                    <span class='form-option-variant form-option-variant--color' title=\"{{this.label}}\" style=\"background-color: #{{data.[0]}}\"></span>\r\n                    <span class='form-option-variant form-option-variant--color' title=\"{{this.label}}\" style=\"background-color: #{{data.[1]}}\"></span>\r\n                {{else}}\r\n                    {{#if data.[0]}}\r\n                        <span class='form-option-variant form-option-variant--color' title=\"{{this.label}}\" style=\"background-color: #{{data.[0]}}\"></span>\r\n                    {{/if}}\r\n                {{/if}}\r\n            {{/if}}\r\n        </label>\r\n    {{/each}}\r\n</div>\r\n"}